[{"model": "main.feedback", "pk": 1, "fields": {"e_mail": "prikryl.jan@protonmail.com", "subject": "Návrh na vylepšení", "text": "Jiná barva písma", "date_time": "2022-02-22T20:02:06.814", "user": 1}}, {"model": "main.feedback", "pk": 2, "fields": {"e_mail": "slehoferdominik@gmail.com", "subject": "Něco jiného", "text": "Hodnocení z pohledu žáka.\nMyslím si, že stránka je propracovaná a přehledná a dobře se s ní pracuje. Vše funguje v pořádku. Na vyplňovaní kurzů je jen nevýhoda, že správné řešení musím stahovat ve formě .py souboru. Jinak je podle mě vše ostatní luxusní práce.", "date_time": "2022-03-04T13:48:59.606", "user": 16}}, {"model": "main.feedback", "pk": 3, "fields": {"e_mail": "dominikslehofer000@seznam.cz", "subject": "Něco jiného", "text": "Hodnocení učitele.\nHodnocení zůstává stejné jako u hodnocení z pohledu studenta.\nVytvoření nových lekcí je velmi přívětivé a vytváří se dobře.\n", "date_time": "2022-03-04T14:09:23.885", "user": 17}}, {"model": "main.feedback", "pk": 4, "fields": {"e_mail": "nozka@spseol.cz", "subject": "Návrh na vylepšení", "text": "Když tu bude odkaz na GitHub se zdrojákama, budou se dát psát Issues a šikovní lidé budou moct místo vysvětlování, rovnou vylepšení napsat.", "date_time": "2022-04-11T22:02:56.619", "user": null}}, {"model": "main.teacher", "pk": 1, "fields": {"user": 1, "info": "Žák SPŠEOL, vytvořil tuto stránku"}}, {"model": "main.teacher", "pk": 2, "fields": {"user": 3, "info": ""}}, {"model": "main.teacher", "pk": 3, "fields": {"user": 10, "info": ""}}, {"model": "main.teacher", "pk": 4, "fields": {"user": 13, "info": ""}}, {"model": "main.teacher", "pk": 5, "fields": {"user": 17, "info": ""}}, {"model": "main.teacher", "pk": 6, "fields": {"user": 19, "info": ""}}, {"model": "main.correct_choices", "pk": 1, "fields": {"text": "Programovací jazyk"}}, {"model": "main.correct_choices", "pk": 2, "fields": {"text": "PyCharm"}}, {"model": "main.correct_choices", "pk": 3, "fields": {"text": "Visual Studio Code"}}, {"model": "main.correct_choices", "pk": 4, "fields": {"text": "Codium"}}, {"model": "main.correct_choices", "pk": 5, "fields": {"text": "Microsoft Visual Studio"}}, {"model": "main.correct_choices", "pk": 6, "fields": {"text": "Spyder"}}, {"model": "main.correct_choices", "pk": 7, "fields": {"text": "IDLE"}}, {"model": "main.correct_choices", "pk": 8, "fields": {"text": "hello world"}}, {"model": "main.correct_choices", "pk": 9, "fields": {"text": "hello, world"}}, {"model": "main.correct_choices", "pk": 10, "fields": {"text": "1"}}, {"model": "main.correct_choices", "pk": 11, "fields": {"text": "10\n11"}}, {"model": "main.correct_choices", "pk": 12, "fields": {"text": "20"}}, {"model": "main.correct_choices", "pk": 13, "fields": {"text": "2"}}, {"model": "main.correct_choices", "pk": 15, "fields": {"text": "ahoj-světe"}}, {"model": "main.correct_choices", "pk": 16, "fields": {"text": "ahoj-světe"}}, {"model": "main.correct_choices", "pk": 17, "fields": {"text": "K vypisování do konzole"}}, {"model": "main.correct_choices", "pk": 18, "fields": {"text": "Python je programovací jazyk"}}, {"model": "main.correct_choices", "pk": 19, "fields": {"text": "Pythonjeprogramovacíjazyk"}}, {"model": "main.correct_choices", "pk": 20, "fields": {"text": "/ dělí čísla, // celočíselně dělí čísla"}}, {"model": "main.correct_choices", "pk": 21, "fields": {"text": "Zadejte vaše jméno: Ahoj uživateli"}}, {"model": "main.correct_choices", "pk": 22, "fields": {"text": "jméno: Ahoj uživateli"}}, {"model": "main.correct_choices", "pk": 23, "fields": {"text": "Zadejte jméno: Ahoj uživateli"}}, {"model": "main.correct_choices", "pk": 24, "fields": {"text": "21\nZadejte vaše oblíbené číslo: 11"}}, {"model": "main.correct_choices", "pk": 25, "fields": {"text": "21\nVaše oblíbené číslo: 11"}}, {"model": "main.correct_choices", "pk": 26, "fields": {"text": "21\nOblíbené číslo: 11"}}, {"model": "main.correct_choices", "pk": 27, "fields": {"text": "21\nČíslo: 11"}}, {"model": "main.correct_choices", "pk": 28, "fields": {"text": "error"}}, {"model": "main.correct_choices", "pk": 29, "fields": {"text": "Jednou"}}, {"model": "main.correct_choices", "pk": 30, "fields": {"text": "Pi: 3.141592653589793 E: 2.718281828459045"}}, {"model": "main.correct_choices", "pk": 31, "fields": {"text": "Pi: 3.141592653589793, E: 2.718281828459045"}}, {"model": "main.correct_choices", "pk": 32, "fields": {"text": "3.141592653589793, 2.718281828459045"}}, {"model": "main.correct_choices", "pk": 33, "fields": {"text": "3.141592653589793 2.718281828459045"}}, {"model": "main.correct_choices", "pk": 35, "fields": {"text": "Zadejte stupně: 1.0 6.123233995736766e-17"}}, {"model": "main.correct_choices", "pk": 36, "fields": {"text": "Stupně: 1.0 6.123233995736766e-17"}}, {"model": "main.correct_choices", "pk": 37, "fields": {"text": "Stupně1.0 6.123233995736766e-17"}}, {"model": "main.correct_choices", "pk": 38, "fields": {"text": "Stupně 1.0 6.123233995736766e-17"}}, {"model": "main.correct_choices", "pk": 39, "fields": {"text": "Stupně:1.0 6.123233995736766e-17"}}, {"model": "main.correct_choices", "pk": 40, "fields": {"text": "10"}}, {"model": "main.correct_choices", "pk": 41, "fields": {"text": "10.0"}}, {"model": "main.correct_choices", "pk": 42, "fields": {"text": "První je větší"}}, {"model": "main.correct_choices", "pk": 43, "fields": {"text": "Druhé je větší"}}, {"model": "main.correct_choices", "pk": 44, "fields": {"text": "Čísla se rovnají"}}, {"model": "main.correct_choices", "pk": 45, "fields": {"text": "Ano"}}, {"model": "main.correct_choices", "pk": 46, "fields": {"text": "Ne"}}, {"model": "main.correct_choices", "pk": 47, "fields": {"text": "Obsahuje"}}, {"model": "main.correct_choices", "pk": 48, "fields": {"text": "Neobsahuje"}}, {"model": "main.correct_choices", "pk": 49, "fields": {"text": "True"}}, {"model": "main.correct_choices", "pk": 50, "fields": {"text": "False"}}, {"model": "main.correct_choices", "pk": 51, "fields": {"text": "Zadej rok: Patří"}}, {"model": "main.correct_choices", "pk": 52, "fields": {"text": "Zadej rok: Ano"}}, {"model": "main.correct_choices", "pk": 53, "fields": {"text": "Zadej rok: Patří do 21. století"}}, {"model": "main.correct_choices", "pk": 54, "fields": {"text": "Zadej rok: Rok patří do 21. století"}}, {"model": "main.correct_choices", "pk": 55, "fields": {"text": "Ne"}}, {"model": "main.correct_choices", "pk": 56, "fields": {"text": "random.choice(a)"}}, {"model": "main.correct_choices", "pk": 57, "fields": {"text": "Ahoj\nAhoj\nAhoj\nAhoj\nAhoj\nAhoj\nAhoj\nAhoj\nAhoj\nAhoj"}}, {"model": "main.correct_choices", "pk": 58, "fields": {"text": "š\nk\no\nl\na"}}, {"model": "main.correct_choices", "pk": 63, "fields": {"text": "{'škola' : 'VOŠ A SPŠE', 'obor' : 'Elektrotechnika'}"}}, {"model": "main.correct_choices", "pk": 64, "fields": {"text": "2021"}}, {"model": "main.correct_choices", "pk": 65, "fields": {"text": "{'škola': 'VOŠ A SPŠE', 'obor': 'Elektrotechnika', 'rok': 2021}\n{'škola': 'VOŠ A SPŠE', 'rok': 2020, 'trida': '4.B'}"}}, {"model": "main.correct_choices", "pk": 66, "fields": {"text": "{'škola': 'VOŠ A SPŠE', 'obor': 'Elektrotechnika', 'rok': 2021}\n{'škola': 'VOŠ A SPŠE', 'rok': 2020, 'trida': '4.A'}"}}, {"model": "main.correct_choices", "pk": 67, "fields": {"text": "{'škola': 'VOŠ A SPŠE', 'obor': 'Elektrotechnika', 'rok': 2021}\n{'škola': 'VOŠ A SPŠE', 'rok': 2020, 'trida': '4.L'}"}}, {"model": "main.correct_choices", "pk": 68, "fields": {"text": "{'škola': 'VOŠ A SPŠE', 'obor': 'Elektrotechnika', 'rok': 2021}\n{'škola': 'VOŠ A SPŠE', 'rok': 2020, 'trida': '3.B'}"}}, {"model": "main.correct_choices", "pk": 69, "fields": {"text": "{'škola': 'VOŠ A SPŠE', 'obor': 'Elektrotechnika', 'rok': 2021}\n{'škola': 'VOŠ A SPŠE', 'rok': 2020, 'trida': '3.A'}"}}, {"model": "main.correct_choices", "pk": 70, "fields": {"text": "{'škola': 'VOŠ A SPŠE', 'obor': 'Elektrotechnika', 'rok': 2021}\n{'škola': 'VOŠ A SPŠE', 'rok': 2020, 'trida': '3.L'}"}}, {"model": "main.correct_choices", "pk": 71, "fields": {"text": "{'škola': 'VOŠ A SPŠE', 'obor': 'Elektrotechnika', 'rok': 2021}\n{'škola': 'VOŠ A SPŠE', 'rok': 2020, 'třída': '4.B'}"}}, {"model": "main.correct_choices", "pk": 72, "fields": {"text": "{'škola': 'VOŠ A SPŠE', 'obor': 'Elektrotechnika', 'rok': 2021}\n{'škola': 'VOŠ A SPŠE', 'rok': 2020, 'třída': '4.A'}"}}, {"model": "main.correct_choices", "pk": 73, "fields": {"text": "{'škola': 'VOŠ A SPŠE', 'obor': 'Elektrotechnika', 'rok': 2021}\n{'škola': 'VOŠ A SPŠE', 'rok': 2020, 'třída': '4.L'}"}}, {"model": "main.correct_choices", "pk": 74, "fields": {"text": "{'škola': 'VOŠ A SPŠE', 'obor': 'Elektrotechnika', 'rok': 2021}\n{'škola': 'VOŠ A SPŠE', 'rok': 2020, 'třída': '3.B'}"}}, {"model": "main.correct_choices", "pk": 75, "fields": {"text": "{'škola': 'VOŠ A SPŠE', 'obor': 'Elektrotechnika', 'rok': 2021}\n{'škola': 'VOŠ A SPŠE', 'rok': 2020, 'třída': '3.L'}"}}, {"model": "main.correct_choices", "pk": 76, "fields": {"text": "{'škola': 'VOŠ A SPŠE', 'obor': 'Elektrotechnika', 'rok': 2021}\n{'škola': 'VOŠ A SPŠE', 'rok': 2020, 'třída': '3.A'}"}}, {"model": "main.correct_choices", "pk": 77, "fields": {"text": "škola VOŠ A SPŠE\nobor Elektrotechnika\nrok 2021"}}, {"model": "main.correct_choices", "pk": 78, "fields": {"text": "Obdélník má výšku: 10 cm, šířku: 5 cm, obsah: 50 cm"}}, {"model": "main.correct_choices", "pk": 79, "fields": {"text": "Číslo pí má hodnotu 3.142"}}, {"model": "main.correct_choices", "pk": 80, "fields": {"text": "3.142"}}, {"model": "main.correct_choices", "pk": 81, "fields": {"text": "a: 97\ná: 225\nb: 98\nc: 99\nč: 269\nd: 100\nď: 271\ne: 101\né: 233\ně: 283\nf: 102\ng: 103\nh: 104\nc: 99\nh: 104\ni: 105\ní: 237\nj: 106\nk: 107\nl: 108\nm: 109\nn: 110\nň: 328\no: 111\nó: 243\np: 112\nq: 113\nr: 114\nř: 345\ns: 115\nš: 353\nt: 116\nť: 357\nu: 117\nú: 250\nů: 367\nv: 118\nw: 119\nx: 120\ny: 121\ný: 253\nz: 122\nž: 382"}}, {"model": "main.correct_choices", "pk": 82, "fields": {"text": "a 97\ná 225\nb 98\nc 99\nč 269\nd 100\nď 271\ne 101\né 233\ně 283\nf 102\ng 103\nh 104\nc 99\nh 104\ni 105\ní 237\nj 106\nk 107\nl 108\nm 109\nn 110\nň 328\no 111\nó 243\np 112\nq 113\nr 114\nř 345\ns 115\nš 353\nt 116\nť 357\nu 117\nú 250\nů 367\nv 118\nw 119\nx 120\ny 121\ný 253\nz 122\nž 382"}}, {"model": "main.correct_choices", "pk": 83, "fields": {"text": "a:97\ná:225\nb:98\nc:99\nč:269\nd:100\nď:271\ne:101\né:233\ně:283\nf:102\ng:103\nh:104\nc:99\nh:104\ni:105\ní:237\nj:106\nk:107\nl:108\nm:109\nn:110\nň:328\no:111\nó:243\np:112\nq:113\nr:114\nř:345\ns:115\nš:353\nt:116\nť:357\nu:117\nú:250\nů:367\nv:118\nw:119\nx:120\ny:121\ný:253\nz:122\nž:382"}}, {"model": "main.correct_choices", "pk": 84, "fields": {"text": "a - 97\ná - 225\nb - 98\nc - 99\nč - 269\nd - 100\nď - 271\ne - 101\né - 233\ně - 283\nf - 102\ng - 103\nh - 104\nc - 99\nh - 104\ni - 105\ní - 237\nj - 106\nk - 107\nl - 108\nm - 109\nn - 110\nň - 328\no - 111\nó - 243\np - 112\nq - 113\nr - 114\nř - 345\ns - 115\nš - 353\nt - 116\nť - 357\nu - 117\nú - 250\nů - 367\nv - 118\nw - 119\nx - 120\ny - 121\ný - 253\nz - 122\nž - 382"}}, {"model": "main.correct_choices", "pk": 85, "fields": {"text": "a-97\ná-225\nb-98\nc-99\nč-269\nd-100\nď-271\ne-101\né-233\ně-283\nf-102\ng-103\nh-104\nc-99\nh-104\ni-105\ní-237\nj-106\nk-107\nl-108\nm-109\nn-110\nň-328\no-111\nó-243\np-112\nq-113\nr-114\nř-345\ns-115\nš-353\nt-116\nť-357\nu-117\nú-250\nů-367\nv-118\nw-119\nx-120\ny-121\ný-253\nz-122\nž-382"}}, {"model": "main.correct_choices", "pk": 86, "fields": {"text": "\"VOŠ\" a 'SPŠE' Olomouc\\"}}, {"model": "main.correct_choices", "pk": 87, "fields": {"text": "zec\netězec"}}, {"model": "main.correct_choices", "pk": 88, "fields": {"text": "['Ahoj', 'světe']"}}, {"model": "main.correct_choices", "pk": 89, "fields": {"text": "Myval byl v Kyjove"}}, {"model": "main.correct_choices", "pk": 90, "fields": {"text": "ahoj světe\nAHOJ SVĚTE"}}, {"model": "main.correct_choices", "pk": 91, "fields": {"text": "742"}}, {"model": "main.correct_choices", "pk": 93, "fields": {"text": "Hello world"}}, {"model": "main.correct_choices", "pk": 94, "fields": {"text": "3"}}, {"model": "main.correct_choices", "pk": 95, "fields": {"text": "Výsledek: 3"}}, {"model": "main.correct_choices", "pk": 96, "fields": {"text": "Zadejte první číslo: Zadejte druhé číslo: Výsledek: 3"}}, {"model": "main.correct_choices", "pk": 97, "fields": {"text": "Zadejte první číslo: Zadejte druhé číslo: 3"}}, {"model": "main.correct_choices", "pk": 98, "fields": {"text": "Zadejte první číslo: Zadejte druhé číslo: Součet: 3 "}}, {"model": "main.correct_choices", "pk": 99, "fields": {"text": "Suma: 1176"}}, {"model": "main.correct_choices", "pk": 100, "fields": {"text": "Suma = 1176"}}, {"model": "main.correct_choices", "pk": 101, "fields": {"text": "1176"}}, {"model": "main.correct_choices", "pk": 102, "fields": {"text": "11"}}, {"model": "main.correct_choices", "pk": 104, "fields": {"text": "Zadejte celé číslo: chyba"}}, {"model": "main.correct_choices", "pk": 105, "fields": {"text": "Zadejte číslo: chyba"}}, {"model": "main.correct_choices", "pk": 106, "fields": {"text": "Zadejte celé číslo: Chyba"}}, {"model": "main.correct_choices", "pk": 107, "fields": {"text": "ahoj"}}, {"model": "main.correct_choices", "pk": 108, "fields": {"text": "[]"}}, {"model": "main.correct_choices", "pk": 109, "fields": {"text": "readline()"}}, {"model": "main.correct_choices", "pk": 110, "fields": {"text": "readline"}}, {"model": "main.correct_choices", "pk": 111, "fields": {"text": "[]"}}, {"model": "main.correct_choices", "pk": 112, "fields": {"text": "[1, 'Ahoj', 'seznam']"}}, {"model": "main.correct_choices", "pk": 113, "fields": {"text": "seznam = []"}}, {"model": "main.correct_choices", "pk": 114, "fields": {"text": "8"}}, {"model": "main.correct_choices", "pk": 115, "fields": {"text": "Délka seznamu [1,3,9,2,54,\"A\", \"Xd\", False] je 8"}}, {"model": "main.correct_choices", "pk": 116, "fields": {"text": "Délka seznamu [1,3,9,2,54,\"A\", \"Xd\", False] = 8."}}, {"model": "main.correct_choices", "pk": 117, "fields": {"text": "[1, 3, 2, 4]"}}, {"model": "main.correct_choices", "pk": 118, "fields": {"text": "1"}}, {"model": "main.correct_choices", "pk": 119, "fields": {"text": "[80,0]"}}, {"model": "main.correct_choices", "pk": 121, "fields": {"text": "pop() vymaže hodnotu podle indexu, remove() vymaže první položku s danou hodnotou"}}, {"model": "main.correct_choices", "pk": 122, "fields": {"text": "18"}}, {"model": "main.correct_choices", "pk": 123, "fields": {"text": "18 krát"}}, {"model": "main.correct_choices", "pk": 124, "fields": {"text": "[7, 5, 3, 2]"}}, {"model": "main.correct_choices", "pk": 125, "fields": {"text": "[-1000, -90, 0, 12, 17, 18, 32, 56, 81, 952]"}}, {"model": "main.correct_choices", "pk": 126, "fields": {"text": "-1000, -90, 0, 12, 17, 18, 32, 56, 81, 952"}}, {"model": "main.correct_choices", "pk": 127, "fields": {"text": "-1000; -90; 0; 12; 17; 18; 32; 56; 81; 952"}}, {"model": "main.correct_choices", "pk": 128, "fields": {"text": "-1000\n-90\n0\n12\n17\n18\n32\n56\n81\n952"}}, {"model": "main.correct_choices", "pk": 129, "fields": {"text": "-1000\\n-90\\n0\\n12\\n17\\n18\\n32\\n56\\n81\\n952"}}, {"model": "main.correct_choices", "pk": 130, "fields": {"text": "seznam_2 = seznam.copy()"}}, {"model": "main.correct_choices", "pk": 133, "fields": {"text": "Zadejte číslo: Zadejte číslo: Výsledek: 3"}}, {"model": "main.correct_choices", "pk": 134, "fields": {"text": "Pydev"}}, {"model": "main.correct_choices", "pk": 135, "fields": {"text": "Sublime Text"}}, {"model": "main.correct_choices", "pk": 136, "fields": {"text": "Vim"}}, {"model": "main.correct_choices", "pk": 137, "fields": {"text": "Emacs"}}, {"model": "main.correct_choices", "pk": 138, "fields": {"text": "Atom"}}, {"model": "main.correct_choices", "pk": 139, "fields": {"text": "Atom/Atom-IDE"}}, {"model": "main.correct_choices", "pk": 140, "fields": {"text": "Atom-IDE"}}, {"model": "main.correct_choices", "pk": 141, "fields": {"text": "Thonny"}}, {"model": "main.correct_choices", "pk": 142, "fields": {"text": "Jupyter Notebook"}}, {"model": "main.correct_choices", "pk": 143, "fields": {"text": "Jupyter"}}, {"model": "main.correct_choices", "pk": 144, "fields": {"text": "Eclipse"}}, {"model": "main.correct_choices", "pk": 145, "fields": {"text": "Eclipse + PyDev"}}, {"model": "main.correct_choices", "pk": 146, "fields": {"text": "Wing"}}, {"model": "main.correct_choices", "pk": 147, "fields": {"text": "{'škola': 'VOŠ A SPŠE', 'obor': 'Elektrotechnika'}"}}, {"model": "main.correct_choices", "pk": 148, "fields": {"text": "{'škola':'VOŠ A SPŠE', 'obor':'Elektrotechnika'}"}}, {"model": "main.correct_choices", "pk": 149, "fields": {"text": "Zadejte číslo a: Zadejte číslo b: Výsledek: 3"}}, {"model": "main.correct_choices", "pk": 150, "fields": {"text": "Zadejte první číslo:Zadejte druhé číslo:Výsledek: 3"}}, {"model": "main.correct_choices", "pk": 151, "fields": {"text": "Zadejte první číslo:Zadejte druhé číslo:3"}}, {"model": "main.correct_choices", "pk": 152, "fields": {"text": "Zadejte první číslo:Zadejte druhé číslo:Výsledek:3"}}, {"model": "main.correct_choices", "pk": 153, "fields": {"text": "x: 11"}}, {"model": "main.correct_choices", "pk": 154, "fields": {"text": "x:11"}}, {"model": "main.correct_choices", "pk": 155, "fields": {"text": "x=11"}}, {"model": "main.correct_choices", "pk": 156, "fields": {"text": "x = 11"}}, {"model": "main.correct_choices", "pk": 157, "fields": {"text": "x= 11"}}, {"model": "main.correct_choices", "pk": 158, "fields": {"text": "x =11"}}, {"model": "main.correct_choices", "pk": 159, "fields": {"text": "10 10"}}, {"model": "main.correct_choices", "pk": 162, "fields": {"text": "1.0 6.123233995736766e-17"}}, {"model": "main.correct_choices", "pk": 163, "fields": {"text": "True"}}, {"model": "main.correct_choices", "pk": 165, "fields": {"text": "Zadej rok: True"}}, {"model": "main.correct_choices", "pk": 166, "fields": {"text": "Zadejte rok: True"}}, {"model": "main.correct_choices", "pk": 167, "fields": {"text": "rok: True"}}, {"model": "main.correct_choices", "pk": 168, "fields": {"text": "Zadej rok:True"}}, {"model": "main.correct_choices", "pk": 169, "fields": {"text": "rok:True"}}, {"model": "main.correct_choices", "pk": 170, "fields": {"text": "Zadej rok : Patří"}}, {"model": "main.correct_choices", "pk": 171, "fields": {"text": "Zadej rok :Patří"}}, {"model": "main.correct_choices", "pk": 172, "fields": {"text": "Zadej rok:Patří"}}, {"model": "main.correct_choices", "pk": 173, "fields": {"text": "Zadej rokPatří"}}, {"model": "main.correct_choices", "pk": 174, "fields": {"text": "Zadej rokano"}}, {"model": "main.correct_choices", "pk": 175, "fields": {"text": "Zadej roktrue"}}, {"model": "main.correct_choices", "pk": 176, "fields": {"text": "rokano"}}, {"model": "main.correct_choices", "pk": 177, "fields": {"text": "rokPatří"}}, {"model": "main.correct_choices", "pk": 178, "fields": {"text": "Zadejte jménoAhoj uživateli"}}, {"model": "main.correct_choices", "pk": 179, "fields": {"text": "Zadejte jméno:Ahoj uživateli"}}, {"model": "main.correct_choices", "pk": 180, "fields": {"text": "Zadejte jméno : Ahoj uživateli"}}, {"model": "main.correct_choices", "pk": 181, "fields": {"text": "Zadejte jméno :Ahoj uživateli"}}, {"model": "main.correct_choices", "pk": 182, "fields": {"text": "jméno : Ahoj uživateli"}}, {"model": "main.correct_choices", "pk": 183, "fields": {"text": "jméno:Ahoj uživateli"}}, {"model": "main.correct_choices", "pk": 184, "fields": {"text": "jméno :Ahoj uživateli"}}, {"model": "main.correct_choices", "pk": 185, "fields": {"text": "Zadejte vaše jméno:Ahoj uživateli"}}, {"model": "main.correct_choices", "pk": 186, "fields": {"text": "Zadejte vaše jméno :Ahoj uživateli"}}, {"model": "main.correct_choices", "pk": 187, "fields": {"text": "21\nČíslo:11"}}, {"model": "main.correct_choices", "pk": 188, "fields": {"text": "21\nČíslo11"}}, {"model": "main.correct_choices", "pk": 189, "fields": {"text": "21\n11"}}, {"model": "main.correct_choices", "pk": 190, "fields": {"text": "a + b = 20"}}, {"model": "main.correct_choices", "pk": 191, "fields": {"text": "a+b = 20"}}, {"model": "main.correct_choices", "pk": 192, "fields": {"text": "a+b=20"}}, {"model": "main.correct_choices", "pk": 193, "fields": {"text": "a + b=20"}}, {"model": "main.correct_choices", "pk": 194, "fields": {"text": "a + b =20"}}, {"model": "main.correct_choices", "pk": 195, "fields": {"text": "Výsledek : 20"}}, {"model": "main.correct_choices", "pk": 196, "fields": {"text": "Výsledek:20"}}, {"model": "main.correct_choices", "pk": 197, "fields": {"text": "Výsledek :20"}}, {"model": "main.correct_choices", "pk": 198, "fields": {"text": "Výsledek: 20"}}, {"model": "main.correct_choices", "pk": 199, "fields": {"text": "a = 2"}}, {"model": "main.correct_choices", "pk": 200, "fields": {"text": "a je 2"}}, {"model": "main.correct_choices", "pk": 201, "fields": {"text": "a je2"}}, {"model": "main.correct_choices", "pk": 202, "fields": {"text": "a=2"}}, {"model": "main.correct_choices", "pk": 203, "fields": {"text": "a= 2"}}, {"model": "main.correct_choices", "pk": 204, "fields": {"text": "a =2"}}, {"model": "main.correct_choices", "pk": 206, "fields": {"text": "[80, 0]"}}, {"model": "main.correct_choices", "pk": 207, "fields": {"text": "18krát"}}, {"model": "main.correct_choices", "pk": 208, "fields": {"text": "18 x"}}, {"model": "main.correct_choices", "pk": 209, "fields": {"text": "18x"}}, {"model": "main.correct_choices", "pk": 210, "fields": {"text": "18 *"}}, {"model": "main.correct_choices", "pk": 211, "fields": {"text": "18*"}}, {"model": "main.correct_choices", "pk": 218, "fields": {"text": "seznam = [-1000, -90, 0, 12, 17, 18, 32, 56, 81, 952]"}}, {"model": "main.correct_choices", "pk": 219, "fields": {"text": "sezanam =[-1000, -90, 0, 12, 17, 18, 32, 56, 81, 952]"}}, {"model": "main.correct_choices", "pk": 220, "fields": {"text": "sezanam= [-1000, -90, 0, 12, 17, 18, 32, 56, 81, 952]"}}, {"model": "main.correct_choices", "pk": 221, "fields": {"text": "seznam: [-1000, -90, 0, 12, 17, 18, 32, 56, 81, 952]"}}, {"model": "main.correct_choices", "pk": 222, "fields": {"text": "sezanam:[-1000, -90, 0, 12, 17, 18, 32, 56, 81, 952]"}}, {"model": "main.correct_choices", "pk": 223, "fields": {"text": "sezanam :[-1000, -90, 0, 12, 17, 18, 32, 56, 81, 952]"}}, {"model": "main.correct_choices", "pk": 224, "fields": {"text": "break"}}, {"model": "main.correct_choices", "pk": 225, "fields": {"text": "Obdélník má výšku: 10 cm, šířku: 5 cm, obsah: 50 cm2"}}, {"model": "main.correct_choices", "pk": 226, "fields": {"text": "Obdélník má výšku: 10, šířku: 5, obsah: 50"}}, {"model": "main.correct_choices", "pk": 228, "fields": {"text": "('Ahoj', True, 120)\nAhoj\n(True, 120)"}}, {"model": "main.correct_choices", "pk": 229, "fields": {"text": "a[0]"}}, {"model": "main.correct_choices", "pk": 230, "fields": {"text": "Ahoj uživateli"}}, {"model": "main.correct_choices", "pk": 232, "fields": {"text": ".py"}}, {"model": "main.correct_choices", "pk": 233, "fields": {"text": "Zadejte vaše jménoAhoj uživateli"}}, {"model": "main.correct_choices", "pk": 234, "fields": {"text": "hello world"}}, {"model": "main.correct_choices", "pk": 235, "fields": {"text": "hello, world"}}, {"model": "main.correct_choices", "pk": 236, "fields": {"text": "hello,world"}}, {"model": "main.correct_choices", "pk": 237, "fields": {"text": "helloworld"}}, {"model": "main.correct_choices", "pk": 240, "fields": {"text": "hello,world"}}, {"model": "main.correct_choices", "pk": 241, "fields": {"text": "helloworld"}}, {"model": "main.abc_choices", "pk": 1, "fields": {"text": "Hra"}}, {"model": "main.abc_choices", "pk": 2, "fields": {"text": "Vývojové prostředí"}}, {"model": "main.abc_choices", "pk": 3, "fields": {"text": "Programovací jazyk"}}, {"model": "main.abc_choices", "pk": 4, "fields": {"text": "K definování proměnné"}}, {"model": "main.abc_choices", "pk": 5, "fields": {"text": "K vypisování do konzole"}}, {"model": "main.abc_choices", "pk": 6, "fields": {"text": "Ke spuštění programu"}}, {"model": "main.abc_choices", "pk": 7, "fields": {"text": "/ dělí čísla, // celočíselně dělí čísla"}}, {"model": "main.abc_choices", "pk": 8, "fields": {"text": "// neexistuje"}}, {"model": "main.abc_choices", "pk": 9, "fields": {"text": "Žádný"}}, {"model": "main.abc_choices", "pk": 10, "fields": {"text": "1"}}, {"model": "main.abc_choices", "pk": 11, "fields": {"text": "True"}}, {"model": "main.abc_choices", "pk": 12, "fields": {"text": "error"}}, {"model": "main.abc_choices", "pk": 13, "fields": {"text": "Ani jednou"}}, {"model": "main.abc_choices", "pk": 14, "fields": {"text": "Jednou"}}, {"model": "main.abc_choices", "pk": 15, "fields": {"text": "Před každým použitím"}}, {"model": "main.abc_choices", "pk": 16, "fields": {"text": "Ano"}}, {"model": "main.abc_choices", "pk": 17, "fields": {"text": "Ne"}}, {"model": "main.abc_choices", "pk": 18, "fields": {"text": "Žádná z uvedených možností"}}, {"model": "main.abc_choices", "pk": 19, "fields": {"text": "a.choice()"}}, {"model": "main.abc_choices", "pk": 20, "fields": {"text": "random.choice(a)"}}, {"model": "main.abc_choices", "pk": 21, "fields": {"text": "Zadanou operaci není možné uskutečnit"}}, {"model": "main.abc_choices", "pk": 22, "fields": {"text": "pop() vymaže hodnotu podle indexu, remove() vymaže všechny položky s danou hodnotou"}}, {"model": "main.abc_choices", "pk": 23, "fields": {"text": "pop() vymaže hodnotu podle indexu, remove() vymaže první položku s danou hodnotou"}}, {"model": "main.abc_choices", "pk": 24, "fields": {"text": "pop() v Pythonu 3 už není"}}, {"model": "main.abc_choices", "pk": 25, "fields": {"text": "[7, 5, 3, 2]"}}, {"model": "main.abc_choices", "pk": 26, "fields": {"text": "[2, 3, 5, 7]"}}, {"model": "main.abc_choices", "pk": 27, "fields": {"text": "None"}}, {"model": "main.abc_choices", "pk": 28, "fields": {"text": "seznam_2 = seznam"}}, {"model": "main.abc_choices", "pk": 29, "fields": {"text": "Do druhé proměnné musím hodnoty otrocky opsat."}}, {"model": "main.abc_choices", "pk": 30, "fields": {"text": "seznam_2 = seznam.copy()"}}, {"model": "main.abc_choices", "pk": 31, "fields": {"text": "SddddddhjjjjjjjjjjkkkkkkkkHhgghggvvbbhhfddfhhjffdghjnffhhfhffffhbvfghgffghnffcgnbcvngffghccghggjgfghfggffggfghggghhfgghhgfghgghghghhcfgghgggghggggggggSddddddhjjjjjjjjjjkkkkkkkkHhgghggvvbbhhfddfhhjffdghjnffhhfhffffhbvfghgffghnffcgnbcvngffghccghggjgfghfggffggfghggghhfgghhgfghgghghghhcfgghgggghggggggggSddddddhjjjjjjjjjjkkkkkkkkHhgghggvvbbhhfddfhhjffdghjnffhhfhffffhbvfghgffghnffcgnbcvngffghccghggjgfghfggffggfghggghhfgghhgfghgghghghhcfgghgggghggggggggSddddddhjjjjjjjjjjkkkkkkkkHhgghggvvbbhhfddfhhjffdghjnffhhfhffffhbvfghgffghnffcgnbcvngffghccghggjgfghfggffggfghggghhfgghhgfghgghghghhcfgghgggghgggggggg"}}, {"model": "main.abc_choices", "pk": 32, "fields": {"text": "SddddddhjjjjjjjjjjkkkkkkkkHhgghggvvbbhhfddfhhjffdghjnffhhfhffffhbvfghgffghnffcgnbcvngffghccghggjgfghfggffggfghggghhfgghhgfghgghghghhcfgghgggghgggggggg"}}, {"model": "main.abc_choices", "pk": 33, "fields": {"text": "SddddddhjjjjjjjjjjkkkkkkkkHhgghggvvbbhhfddfhhjffdghjnffhhfhffffhbvfghgffghnffcgnbcvngffghccghggjgfghfggffggfghggghhfgghhgfghgghghghhcfgghgggghgggggggg"}}, {"model": "main.abc_choices", "pk": 34, "fields": {"text": "print"}}, {"model": "main.abc_choices", "pk": 35, "fields": {"text": "break"}}, {"model": "main.abc_choices", "pk": 36, "fields": {"text": "None"}}, {"model": "main.abc_choices", "pk": 37, "fields": {"text": "1"}}, {"model": "main.abc_choices", "pk": 38, "fields": {"text": "a"}}, {"model": "main.abc_choices", "pk": 39, "fields": {"text": "a[0]"}}, {"model": "main.abc_choices", "pk": 40, "fields": {"text": "Chyba"}}, {"model": "main.abc_choices", "pk": 41, "fields": {"text": ".py"}}, {"model": "main.abc_choices", "pk": 42, "fields": {"text": ".c"}}, {"model": "main.abc_choices", "pk": 43, "fields": {"text": ".h"}}, {"model": "main.page_in_course", "pk": 1, "fields": {"author": 1, "title": "Co to je Python?", "date_time_creations": "2022-03-28T22:57:02.441", "description": "O čem se to budeme učit?", "task": "Co to je Python?", "solution": "", "solution_text": "Programovací jazyk", "show_correct": false, "inputs": "", "task_or_question": "c", "correct": [1], "abc_values": [1, 2, 3, 40]}}, {"model": "main.page_in_course", "pk": 2, "fields": {"author": 1, "title": "Vývojové prostředí na Python", "date_time_creations": "2022-03-29T17:24:06.295", "description": "Python je interpretovaný programovací jazyk. To znamená, že před spuštěním vašeho programu jej nekompiluje.\nAle určitě budeme chtít nějaký pěkný editor.", "task": "Zadej příklad nějakého vývojového prostředí na Python", "solution": "", "solution_text": "PyCharm, Visual Studio Code, Codium, Microsoft Visual Studio, Spyder", "show_correct": false, "inputs": "", "task_or_question": "q", "correct": [2, 3, 4, 5, 6, 7, 134, 135, 136, 137, 138, 139, 140, 141, 142, 143, 144, 145, 146], "abc_values": []}}, {"model": "main.page_in_course", "pk": 3, "fields": {"author": 1, "title": "Hello world", "date_time_creations": "2022-04-03T13:34:29.344", "description": "První program každého programátora ", "task": "Napište program, který vypíše Hello world", "solution": "media/solutions/Hello_world.py", "solution_text": "", "show_correct": true, "inputs": "", "task_or_question": "t", "correct": [8, 9, 240, 241], "abc_values": []}}, {"model": "main.page_in_course", "pk": 4, "fields": {"author": 1, "title": "První použití proměnné", "date_time_creations": "2022-02-25T22:19:26.726", "description": "Seznámení s proměnnými.", "task": "Deklarujte proměnnou, která bude obsahovat číslo 1 a následně ji vypište.", "solution": "media/solutions/variables.py", "solution_text": "", "show_correct": false, "inputs": "", "task_or_question": "t", "correct": [10], "abc_values": []}}, {"model": "main.page_in_course", "pk": 5, "fields": {"author": 1, "title": "Další level", "date_time_creations": "2021-11-23T20:43:36.937", "description": "K čemu nám ty proměnné vlastně jsou, když si můžeme všechno vypsat rovnou?", "task": "Založte proměnnou s číslem 10 a vypište ji.\r\nPoté do proměnné přičtěte 1 a znovu proměnnou vypište.", "solution": "media/solutions/variables_QM3leBF.py", "solution_text": "", "show_correct": false, "inputs": "", "task_or_question": "t", "correct": [11], "abc_values": []}}, {"model": "main.page_in_course", "pk": 6, "fields": {"author": 1, "title": "Tak už víme, k čemu ty proměnné jsou", "date_time_creations": "2022-02-10T17:08:29.924", "description": "Sčítání více čísel", "task": "Vytvořte si program, který sečte dvě čísla\na = 5\nb = 15\nVypište výsledek", "solution": "media/solutions/variables_tAy3V6V.py", "solution_text": "", "show_correct": true, "inputs": "", "task_or_question": "t", "correct": [12, 190, 191, 192, 193, 194, 195, 196, 197, 198], "abc_values": []}}, {"model": "main.page_in_course", "pk": 7, "fields": {"author": 1, "title": "Sčítání čísel pomocí +=", "date_time_creations": "2022-02-10T17:09:47.048", "description": "Jak jednodušeji přičítat, nebo provádět jinou operaci s čísly?\nNápověda:\na = 1\na += 1", "task": "deklarujte a = 1\nPřičtěte 1 k a", "solution": "media/solutions/variables_rxArIh4.py", "solution_text": "", "show_correct": true, "inputs": "", "task_or_question": "t", "correct": [13, 199, 200, 201, 202, 203, 204], "abc_values": []}}, {"model": "main.page_in_course", "pk": 9, "fields": {"author": 1, "title": "Paramtery funkce", "date_time_creations": "2022-03-28T22:27:54.067", "description": "Co všechno print umí?\r\nDo funkce print můžete vkládat proměnné, nebo přímo hodnoty (čísla, texty, ...).\r\nPokud ale budete chtít parametry vypsat jinak, nebo jinak ukončit zápis, budeme muset změnit výchozí hodnoty parametrů.\r\nprint(co všechno chceme vypsat oddělené čárkami, sep='  ', end='\\n')\r\nsep - jak bude odděleno všechno to, co chceme vypsat\r\nend - jak bude funkce ukončena. Většinou chceme pokračovat na dalším řádku.\r\nFunkce má i mnoho dalších proměnných, se kterými se tak často nesetkáte.", "task": "Vypište dva texty: ahoj, světe tak, aby mezi nimi byla pomlčka -", "solution": "media/solutions/print_parametry.py", "solution_text": "", "show_correct": true, "inputs": "", "task_or_question": "t", "correct": [15], "abc_values": []}}, {"model": "main.page_in_course", "pk": 10, "fields": {"author": 1, "title": "Konec řádků", "date_time_creations": "2022-03-28T22:27:54.654", "description": "end='\\n'", "task": "Vypište funkcí print \"ahoj\" s tím, že konec řádku bude - a poté vypište funkcí print \"světe\"", "solution": "media/solutions/print_parametry_c0oHAbG.py", "solution_text": "", "show_correct": true, "inputs": "", "task_or_question": "t", "correct": [16], "abc_values": []}}, {"model": "main.page_in_course", "pk": 11, "fields": {"author": 1, "title": "Závěrečná otázka", "date_time_creations": "2022-03-28T22:27:55.474", "description": "Pokud stále nerozumíte funkci print, vraťte se ješte zpět a procvičujte", "task": "K čemu využíváme funkci print", "solution": "", "solution_text": "K vypisování do konzole", "show_correct": true, "inputs": "", "task_or_question": "c", "correct": [17], "abc_values": [4, 5, 6]}}, {"model": "main.page_in_course", "pk": 12, "fields": {"author": 1, "title": "\"Stringy\"", "date_time_creations": "2021-11-25T17:01:04.921", "description": "Do proměnných nemusíme ukládat jen čísla, můžeme ukládat i text.\r\nTato proměnná se nazývá string.\r\nTexty můžete sčítat i násobit.", "task": "Definujte proměnnou s textem: Python\r\nDo další proměnné uložte: je\r\nDo další: programovací\r\nDo další: jazyk\r\nPoté do nové proměnné sečtěte všechny již definované proměnné i s mezerami a text vypište", "solution": "media/solutions/texty.py", "solution_text": "", "show_correct": true, "inputs": "", "task_or_question": "t", "correct": [18, 19], "abc_values": []}}, {"model": "main.page_in_course", "pk": 13, "fields": {"author": 1, "title": "Matematické operace s čísly", "date_time_creations": "2021-11-25T17:05:59.759", "description": "Matematické operace s čísly:\n+  sčítání\n-  odčítání\n*  násobení\n/  dělení\n// celočíselné dělení\n%  zbytek po dělení\n** umocňování\n\nČísla:\ncelá (např. 15)\ndesetinná (př. 3.141) - tečka\nkomplexní (př. 5+4j) - bez mezer", "task": "Jaký je rozdíl mezi / a //", "solution": "", "solution_text": "/ dělí čísla, // celočíselně dělí čísla", "show_correct": false, "inputs": "", "task_or_question": "c", "correct": [20], "abc_values": [7, 8, 9]}}, {"model": "main.page_in_course", "pk": 14, "fields": {"author": 1, "title": "Vstup z klávesnice", "date_time_creations": "2022-03-14T12:30:41.645", "description": "text=input(\"Pokyn pro uživatele\") \n  - vždy získáme řetězec!!!\n  - můžeme použít též pro čekání na stisk klávesy\n    Enter", "task": "Zeptejte se uživatele na jeho jméno, to uložte do proměnné a následně vypište ve tvaru: Ahoj <uživateli>", "solution": "media/solutions/texty_r9Zc7lR.py", "solution_text": "", "show_correct": true, "inputs": "uživateli", "task_or_question": "t", "correct": [21, 22, 23, 178, 179, 180, 181, 182, 183, 184, 185, 186, 230, 233], "abc_values": []}}, {"model": "main.page_in_course", "pk": 15, "fields": {"author": 1, "title": "Vstup z klávesnice čísla", "date_time_creations": "2022-02-10T17:04:24.392", "description": "Pro převod textu na celé číslo existuje funkce int(proměnná)\nFunkce input také vrací text - na číslo jej převedeme následujícím způsobem: proměnná = int(input(\"Zadejte celé číslo: \"))", "task": "Vytvořte proměnnou, která bude obsahovat číslo 20 jako text. Následně tento text převeďte na číslo, přičtěte k němu 1 a vypište jej.\nPoté se zeptejte uživatele na jeho oblíbené číslo, přičtěte k němu 10 a výsledek vypište.", "solution": "media/solutions/texty_9t48ivU.py", "solution_text": "", "show_correct": true, "inputs": "1", "task_or_question": "t", "correct": [24, 25, 26, 27, 187, 188, 189], "abc_values": []}}, {"model": "main.page_in_course", "pk": 16, "fields": {"author": 1, "title": "Převodní funkce", "date_time_creations": "2021-11-25T18:36:14.998", "description": "float() - převede hodnotu na desetinné číslo\r\nfloat(10) -> 10.0\r\nfloat(\"10.154\") -> 10.154\r\n\r\nint() - převede hodnotu na celé číslo (pokud je převáděné desetinné číslo, desetinná část je odstraněna)\r\nint(10.478) -> 10\r\nint(\"12\") -> 12\r\nint(\"3.141\") -> error! - protože . ani jiný znak nelze převést na celé číslo\r\n\r\nstr() - převede cokoli na  řetězec\r\nstr(400) -> \"400\"\r\nstr(10.478) -> \"10.478\"\r\nstr(10+5j) -> \"(10+5j)\"\r\n\r\ncomplex() - převede číslo na komplexní\r\n\r\nbool() - převod na hodnotu True, nebo False\r\nbool(\"\") = False, neprázdný řetězec = True\r\nbool(0) = False, nenulového čísla = True", "task": "otazka = bool(int(\"jedna\"))\r\notazka = ?", "solution": "", "solution_text": "error", "show_correct": true, "inputs": "", "task_or_question": "c", "correct": [28], "abc_values": [10, 11, 12]}}, {"model": "main.page_in_course", "pk": 17, "fields": {"author": 1, "title": "Import knihovny", "date_time_creations": "2022-03-27T13:27:26.758", "description": "Knihovny lze importovat třemi způsoby:\n1) import knihovna ->\n funkce z knihovny se volají takto: knihovna.funkce()\n2) import knihovna as m -> \nfunkce z knihovny se volají takto: m.funkce()\n3) from knihovna import * -> \nfunkce z knihovny se volají takto: funkce() \n\nPokud ale importujeme více knihoven, které obsahují stejně pojmenované funkce, nebo proměnné, tak může dojít k jejich přepsání.", "task": "Kolikrát je potřeba importovat jednu knihovnu?", "solution": "", "solution_text": "Jednou", "show_correct": false, "inputs": "", "task_or_question": "c", "correct": [29], "abc_values": [13, 14, 15]}}, {"model": "main.page_in_course", "pk": 18, "fields": {"author": 1, "title": "Pí a Eulerovo číslo", "date_time_creations": "2022-03-27T13:27:36.970", "description": "Přece nebudeme tyto čísla vypisovat ručně, když jsou již celkem přesně definovány.", "task": "Vypište na jednom řádku číslo pí a Eulerovo číslo.", "solution": "media/solutions/texty_CMx29xG.py", "solution_text": "", "show_correct": false, "inputs": "", "task_or_question": "t", "correct": [30, 31, 32, 33], "abc_values": []}}, {"model": "main.page_in_course", "pk": 19, "fields": {"author": 1, "title": "Absolutní hodnota", "date_time_creations": "2022-03-14T12:27:24.683", "description": "Absolutní hodnota čísla", "task": "Vypište absolutní hodnotu čísle -10 a 10", "solution": "media/solutions/texty_840rjc4.py", "solution_text": "", "show_correct": false, "inputs": "", "task_or_question": "t", "correct": [159], "abc_values": []}}, {"model": "main.page_in_course", "pk": 20, "fields": {"author": 1, "title": "Goniometrické funkce", "date_time_creations": "2022-02-10T16:47:18.283", "description": "Sinus, cosinus, tangens, ...\nPozor - hodnotu nezadáváme ve stupních, ale v radiánech - radiány na stupně převedeme radians(stupně)", "task": "Uživatel vám zadá stupně. K této proměnné vypočítejte a vypíše sinus a cosinus", "solution": "media/solutions/texty_j4c3Rjf.py", "solution_text": "", "show_correct": true, "inputs": "90", "task_or_question": "t", "correct": [35, 36, 37, 38, 39, 162], "abc_values": []}}, {"model": "main.page_in_course", "pk": 21, "fields": {"author": 1, "title": "Logaritmus", "date_time_creations": "2021-11-25T19:16:42.314", "description": "math.log(číslo, základ)", "task": "Jaké číslo bude uchováno v proměnné x?\r\nx = math.log(1024,2)", "solution": "", "solution_text": "10", "show_correct": false, "inputs": "", "task_or_question": "q", "correct": [40, 41], "abc_values": []}}, {"model": "main.page_in_course", "pk": 22, "fields": {"author": 1, "title": "Zápis podmínky", "date_time_creations": "2022-03-14T12:27:34.879", "description": "if PODMÍNKA1:\n    odsazené příkazy\nelif PODMÍNKA2:    \n    odsazené příkazy\nelif DALŠÍ PODMÍNKA\n      odsazené příkazy\nelse:\n    odsazené příkazy\n\n(Části elif a else jsou nepovinné.)\n\n\nRelační operátory\n>  větší   >= větší nebo rovno\n<  menší   <= menší nebo rovno\n== rovno   != nerovno\n\nin - testuje přítomnost prvku v množině", "task": "Definujte dvě proměnné s dvěmi jakýmikoliv různými čísly.\nPomocí podmínek porovnejte čísla.\nPokud je první větší, vypište: První je větší\nPokud je druhé větší, vypište: Druhé je větší\nPokud se čísla rovnají, vypište: Čísla se rovnají", "solution": "media/solutions/texty_A8jQ6Jm.py", "solution_text": "", "show_correct": true, "inputs": "", "task_or_question": "t", "correct": [42, 43, 44], "abc_values": []}}, {"model": "main.page_in_course", "pk": 23, "fields": {"author": 1, "title": "Porovnání textových řetězců", "date_time_creations": "2022-03-14T12:27:39.648", "description": " ", "task": "delsi_text = \"Ahoj světe\"\nkratsi_text = \"hoj\"\nObsahuje delší text kratší text?\nVytvořte podmínku, která to zjistí a vypište odpověď. (Odpovědi můžou mít následující podobu: Ano - Ne, Obsahuje - Neobsahuje, True - False)", "solution": "media/solutions/texty_vZJCsxS.py", "solution_text": "", "show_correct": true, "inputs": "", "task_or_question": "t", "correct": [45, 46, 47, 48, 49, 50], "abc_values": []}}, {"model": "main.page_in_course", "pk": 24, "fields": {"author": 1, "title": "Logické operátory", "date_time_creations": "2022-03-14T12:27:44.892", "description": "not - negace\nand - logický součin\nor  - logický součet", "task": "Patří uživatelem zadaný rok do 21. století?", "solution": "media/solutions/texty_vFFPrO5.py", "solution_text": "", "show_correct": true, "inputs": "2002", "task_or_question": "t", "correct": [51, 52, 53, 54, 163, 165, 166, 167, 168, 169, 170, 171, 172, 173, 174, 175, 176, 177], "abc_values": []}}, {"model": "main.page_in_course", "pk": 25, "fields": {"author": 1, "title": "Knihovna random", "date_time_creations": "2022-03-14T12:27:52.732", "description": "Z knihovny random využijete nejčastěji?\r\nrandint(od,do) - vygeneruje náhodné číslo z intervalu <od,do>\r\n               - od a do musí být celá čísla, mohou být i záporná \r\nchoice(data)   - vybere z dat náhodný prvek\r\n               - data jsou obvykle řetězec nebo seznam", "task": "Je následující program napsán správně?\r\n\r\nmesic = random.randint(\"1\",12)\r\nif mesic == 1:\r\n    print(\"Plati\")\r\nelse:    \r\n    print(\"Neplati\")", "solution": "", "solution_text": "Ne", "show_correct": true, "inputs": "", "task_or_question": "c", "correct": [55], "abc_values": [16, 17, 18]}}, {"model": "main.page_in_course", "pk": 26, "fields": {"author": 1, "title": "Výběr ze seznamu", "date_time_creations": "2022-03-14T12:27:59.916", "description": " ", "task": "Vyberte korektní zápis výběru náhodného prvku ze seznamu:\r\na = [1,2,3]", "solution": "", "solution_text": "random.choice(a)", "show_correct": true, "inputs": "", "task_or_question": "c", "correct": [56], "abc_values": [19, 20, 21]}}, {"model": "main.page_in_course", "pk": 27, "fields": {"author": 1, "title": "Princip cyklu while", "date_time_creations": "2021-11-25T21:38:04.274", "description": "while = dokud\r\n\"Opakuj dokud <podmínka platí>\"", "task": "Desetkrát vypište \"Ahoj\"\r\n\r\nNápověda:\r\ni = 0\r\ndokud i je menší, nebo rovno 10,\r\nvypiš \"Ahoj\" a do i přičti 1", "solution": "media/solutions/cykly-while.py", "solution_text": "", "show_correct": true, "inputs": "", "task_or_question": "t", "correct": [57], "abc_values": []}}, {"model": "main.page_in_course", "pk": 28, "fields": {"author": 1, "title": "Princip cyklu for", "date_time_creations": "2021-11-25T21:43:19.766", "description": "Procházení prvků v seznamu, stringu, ...", "task": "retezec=\"škola\"\r\nVypište každý prvek z textu na nový řádek", "solution": "media/solutions/for-cykly.py", "solution_text": "", "show_correct": true, "inputs": "", "task_or_question": "t", "correct": [58], "abc_values": []}}, {"model": "main.page_in_course", "pk": 29, "fields": {"author": 1, "title": "Ukončení cyklu", "date_time_creations": "2022-02-10T17:30:10.952", "description": "Pokud budeme chtít ukončit cyklus dřív, i když bude platit podmínka, přerušíme jej pomocí break.\ncontinue - přeruší aktuální iteraci, cyklus pokračuje další iterací.", "task": "Importujte knihovnu random.\nPětkrát vygenerujte náhodné číslo od 0 do 5. Pokud číslo bude větší, než 3, cyklus přerušte a program skončí.\nJak se zapisujte ukončení cyklu?", "solution": "", "solution_text": "break", "show_correct": true, "inputs": "", "task_or_question": "c", "correct": [224], "abc_values": [34, 35, 36]}}, {"model": "main.page_in_course", "pk": 30, "fields": {"author": 1, "title": "Vytvoření slovníku", "date_time_creations": "2022-02-10T14:20:31.727", "description": "Naučte se vytvářet slovníky", "task": "Vytvořte a vypište slovník s následujícími prvky:\nškola : VOŠ A SPŠE,\nobor : Elektrotechnika", "solution": "media/solutions/dict.py", "solution_text": "", "show_correct": true, "inputs": "", "task_or_question": "t", "correct": [63, 147, 148], "abc_values": []}}, {"model": "main.page_in_course", "pk": 31, "fields": {"author": 1, "title": "Konkrétní prvky ze slovníků", "date_time_creations": "2021-11-28T17:37:52.284", "description": "Slovník se nemusí vypisovat jen celý.", "task": "Vytvořte slovník s následujícími hodnoty:\r\nškola : VOŠ A SPŠE,\r\nobor : Elektrotechnika,\r\nrok : 2021\r\na vypište rok", "solution": "media/solutions/dict_c4JJs8d.py", "solution_text": "", "show_correct": true, "inputs": "", "task_or_question": "t", "correct": [64], "abc_values": []}}, {"model": "main.page_in_course", "pk": 32, "fields": {"author": 1, "title": "Přidávání, odebírání a aktualizace prvků ve slovníku", "date_time_creations": "2022-02-10T16:24:24.360", "description": "Upravujte slovník.", "task": "Vytvořte slovník s následujícími hodnoty:\nškola : VOŠ A SPŠE,\nobor : Elektrotechnika,\nrok : 2021\na vypište jej.\nPoté upravte rok na 2020, odeberte obor a přidejte třídu (například 4.B).\nSlovník vypište.", "solution": "media/solutions/dict_GG5IsO5.py", "solution_text": "", "show_correct": true, "inputs": "", "task_or_question": "t", "correct": [65, 66, 67, 68, 69, 70, 71, 72, 73, 74, 75, 76], "abc_values": []}}, {"model": "main.page_in_course", "pk": 33, "fields": {"author": 1, "title": "Procházení slovníků", "date_time_creations": "2021-11-28T17:56:17.674", "description": "Procházení slovníků for loopem", "task": "Vytvořte slovník s následujícími hodnoty:\r\nškola : VOŠ A SPŠE,\r\nobor : Elektrotechnika,\r\nrok : 2021\r\nVypište všechny hodnoty ze slovníku ve tvaru:\r\nškola VOŠ A SPŠE\r\n......", "solution": "media/solutions/dict_IduOWpO.py", "solution_text": "", "show_correct": true, "inputs": "", "task_or_question": "t", "correct": [77], "abc_values": []}}, {"model": "main.page_in_course", "pk": 34, "fields": {"author": 1, "title": "F string", "date_time_creations": "2022-02-10T17:32:41.600", "description": "Jednoduché ,efektivní vypisování textu, nebo vytváření proměnných.\nPříklad:\nNačtěte od uživatele jméno a vypište: Jméno uživatele je <jmeno>\njmeno = input(\"Zadejte vaše jméno: \")\nprint(f'Jméno uživatele je {jmeno}')", "task": "Obdélník:\nvyska = 10\nsirka = 5\nVypište: Obdélník má výšku: ... cm, šířku: ... cm, obsah: ... cm", "solution": "media/solutions/dict_wtreUDs.py", "solution_text": "", "show_correct": true, "inputs": "", "task_or_question": "t", "correct": [78, 225, 226], "abc_values": []}}, {"model": "main.page_in_course", "pk": 35, "fields": {"author": 1, "title": ".format", "date_time_creations": "2021-11-29T12:38:15.011", "description": "Formátovaný řetězec\r\n- do řetězce vkládáme pomocí indexů hodnoty\r\n  z n-tice\r\n- obecný tvar je:\r\n  retězec=\"{index:specifikátor}\".format(n-tice)", "task": "Vypište: Číslo pí má hodnotu ... (zaokrouhlete na 3 desetinná místa)", "solution": "media/solutions/format.py", "solution_text": "", "show_correct": true, "inputs": "", "task_or_question": "t", "correct": [79, 80], "abc_values": []}}, {"model": "main.page_in_course", "pk": 36, "fields": {"author": 1, "title": "ord a chr", "date_time_creations": "2022-02-10T17:35:14.730", "description": "Převody znaků\nord() - převede znak na jeho ordinální hodnotu (číslo)\nchr() - opačná funkce, získáme znak = jednoznakový řetězec", "task": "Vypište písmeno a jeho hodnotu - pro všechny malé písmena abecedy.\n(malá abeceda: aábcčdďeéěfghchiíjklmnňoópqrřsštťuúůvwxyýzž)\n", "solution": "media/solutions/format_2odzIkR.py", "solution_text": "", "show_correct": true, "inputs": "", "task_or_question": "t", "correct": [81, 82, 83, 84, 85], "abc_values": []}}, {"model": "main.page_in_course", "pk": 37, "fields": {"author": 1, "title": "Speciální znaky v řetězci", "date_time_creations": "2021-11-29T13:32:02.176", "description": "Určitě jste už někdy potřebovali napsat \" nebo ' nebo \\ a nechtěli ukončovat řetězec.\r\nChcete-li, aby \" nebo ' bylo uloženo jako znak, napište před znak\\", "task": "Vypište následující text:\r\n\"VOŠ\" a 'SPŠE' Olomouc\\", "solution": "media/solutions/format_Jcj4Hxx.py", "solution_text": "", "show_correct": true, "inputs": "", "task_or_question": "t", "correct": [86], "abc_values": []}}, {"model": "main.page_in_course", "pk": 38, "fields": {"author": 1, "title": "Indexování", "date_time_creations": "2021-11-29T13:35:26.005", "description": "K jednotlivým znakům řetězce lze přistoupit \r\npomocí [] stejně, jako by se jednalo o seznam.", "task": "Z řetězce \"řetězec\" vypište jen poslední tři písmena a na nový řádek druhé až poslední písmeno.", "solution": "media/solutions/format_2zbtcYI.py", "solution_text": "", "show_correct": true, "inputs": "", "task_or_question": "t", "correct": [87], "abc_values": []}}, {"model": "main.page_in_course", "pk": 39, "fields": {"author": 1, "title": ".split()", "date_time_creations": "2021-11-29T13:44:47.943", "description": "Chcete - li z řetězce vytvořit seznam, použijte funkci split(jaký znak to rozkouskuje, kolik oddělovačů se použije)", "task": "Z řetězce \"Ahoj světe\" vytvořte seznam se dvěma prvky \"Ahoj\", \"světe\" (- odděleno mezerou)\r\na seznam vypište.", "solution": "media/solutions/format_f44db5a.py", "solution_text": "", "show_correct": true, "inputs": "", "task_or_question": "t", "correct": [88], "abc_values": []}}, {"model": "main.page_in_course", "pk": 40, "fields": {"author": 1, "title": ".replace()", "date_time_creations": "2021-11-29T13:51:50.153", "description": "Nahrazení znaků v řetězci", "task": "Opravte pomocí .replace chyby a vypište:\r\nMival bil v Kijove", "solution": "media/solutions/format_WIe1nYJ.py", "solution_text": "", "show_correct": true, "inputs": "", "task_or_question": "t", "correct": [89], "abc_values": []}}, {"model": "main.page_in_course", "pk": 41, "fields": {"author": 1, "title": ".upper() a .lower()", "date_time_creations": "2022-02-10T17:40:04.168", "description": "Funkce .upper() převede všechna písmena v řetězci na velká.\nFunkce .lower() převede všechna písmena v řetězci na malá.", "task": "AhOJ svěTE převeďte na malá písmena, vypište.\nPotom stejnou proměnnou převeďte na velká písmena a vypište na další řádek.", "solution": "media/solutions/lower_and_upper.py", "solution_text": "", "show_correct": true, "inputs": "", "task_or_question": "t", "correct": [90], "abc_values": []}}, {"model": "main.page_in_course", "pk": 42, "fields": {"author": 1, "title": "len()", "date_time_creations": "2021-11-29T14:12:37.402", "description": "Vrací délku řetězce (počet znaků)", "task": "Vypište počet znaků řetězce:\r\n\r\nPython je vysokoúrovňový programovací jazyk, který v roce 1991 navrhl Guido van Rossum. Nabízí dynamickou kontrolu datových typů a podporuje různá programovací paradigmata, včetně objektově orientovaného, imperativního, procedurálního nebo funkcionálního. V roce 2018 vzrostla jeho popularita a zařadil se mezi nejoblíbenější jazyky. V řadě různých žebříčků dosahuje jedno z prvních třech míst, výjimkou nebývají první místa. Python je vyvíjen jako open source projekt, který zdarma nabízí instalační balíky pro většinu běžných platforem (Unix, MS Windows, macOS, Android); ve většině distribucí systému GNU/Linux je Python součástí základní instalace. Tato lekce bude obsahovat instalaci Pythonu, vývojového prostředí, jak otevřít .py soubor", "solution": "media/solutions/lower_and_upper_cmZoRoB.py", "solution_text": "", "show_correct": true, "inputs": "", "task_or_question": "t", "correct": [91], "abc_values": []}}, {"model": "main.page_in_course", "pk": 43, "fields": {"author": 1, "title": "Vytvoření ntice", "date_time_creations": "2022-02-10T17:48:23.212", "description": "Pochopení ntic.", "task": "Vytvořte ntici s následujícími prvky:\nstring Ahoj\nbool hodnota True\ncelé číslo 120\na vypište nejprve celou ntici, poté vypište na další řádek nultý prvek ntice a nakonec vypište na další řádek ntici od prvního prvku.", "solution": "media/solutions/ntice.py", "solution_text": "", "show_correct": true, "inputs": "", "task_or_question": "t", "correct": [228], "abc_values": []}}, {"model": "main.page_in_course", "pk": 44, "fields": {"author": 1, "title": "Syntaxe", "date_time_creations": "2021-11-29T17:39:48.658", "description": "Syntaxe:\r\ndef Název (parametr1,parametr2,...):\r\n    blok příkazů\r\n    return výsledný výraz # Nepovinné, pokud neuvedeme, návratová hodnota bude None", "task": "Vytvořte funkci, která vypíše Hello world a zavolejte ji.", "solution": "media/solutions/funkce.py", "solution_text": "", "show_correct": true, "inputs": "", "task_or_question": "t", "correct": [93], "abc_values": []}}, {"model": "main.page_in_course", "pk": 45, "fields": {"author": 1, "title": "Použití parametrů", "date_time_creations": "2022-02-10T16:33:58.592", "description": "Parametry ve funkci.", "task": "Vytvořte funkci součet, která sečte dvě čísla daná uživatelem a vypište výsledek.", "solution": "media/solutions/funkce_5teSlWP.py", "solution_text": "", "show_correct": true, "inputs": "1\n2", "task_or_question": "t", "correct": [94, 95, 96, 97, 98, 133, 149, 150, 151, 152], "abc_values": []}}, {"model": "main.page_in_course", "pk": 46, "fields": {"author": 1, "title": "Proměnlivý počet parametrů", "date_time_creations": "2021-11-29T18:02:06.179", "description": "def funkce(*args):\r\n     blok funkce", "task": "Vytvořte funkci sum, která sečte libovolný počet čísel.\r\nSvou funkci vyzkoušejte na sečtení následujících čísel: 1,8,9,10,900,80,46,90,4*8", "solution": "media/solutions/funkce_HupadJL.py", "solution_text": "", "show_correct": true, "inputs": "", "task_or_question": "t", "correct": [99, 100, 101], "abc_values": []}}, {"model": "main.page_in_course", "pk": 47, "fields": {"author": 1, "title": "Globální proměnné", "date_time_creations": "2022-02-10T16:36:13.820", "description": "Co když budeme potřebovat proměnnou definovanou ve funkci i mimo funkci?", "task": "Na začátku programu x = 10\nVytvořte funkci, která změní do x přičte 1\nFunkci zavolejte.\nVypište x.", "solution": "media/solutions/funkce_zzInVF1.py", "solution_text": "", "show_correct": true, "inputs": "", "task_or_question": "t", "correct": [102, 153, 154, 155, 156, 157, 158], "abc_values": []}}, {"model": "main.page_in_course", "pk": 48, "fields": {"author": 1, "title": "Převod textu na číslo", "date_time_creations": "2021-11-29T18:13:28.467", "description": "\"11\" na 11", "task": "Převeďte proměnnou s obsahem celého čísla zadaného od uživatele na celé číslo a vypište jej. V případě chyby vypište chyba.", "solution": "media/solutions/vyjimky.py", "solution_text": "", "show_correct": true, "inputs": "a", "task_or_question": "t", "correct": [104, 105, 106], "abc_values": []}}, {"model": "main.page_in_course", "pk": 49, "fields": {"author": 1, "title": "Zápis a čtení ze souborů", "date_time_creations": "2022-02-10T16:37:29.044", "description": "Vytvořit, uložit a číst soubory.", "task": "Vytvořte soubor v módu pro zápis, uložte do něj text \"ahoj\" a zavřete jej. Poté soubor otevřete v módu pro čtení a přečtěte a vypište jeho obsah.", "solution": "media/solutions/files.py", "solution_text": "", "show_correct": true, "inputs": "", "task_or_question": "t", "correct": [107], "abc_values": []}}, {"model": "main.page_in_course", "pk": 50, "fields": {"author": 3, "title": "První stránka", "date_time_creations": "2021-11-29T18:51:56.952", "description": "Zkuste si to", "task": "Tady je znění otázky", "solution": "", "solution_text": "Napište prázdný seznam", "show_correct": true, "inputs": "", "task_or_question": "q", "correct": [108], "abc_values": []}}, {"model": "main.page_in_course", "pk": 51, "fields": {"author": 1, "title": "Čtení souborů po řádcích", "date_time_creations": "2021-11-29T20:46:58.737", "description": "Pokud máte dlouhý soubor, můžete jej číst po řádcích.", "task": "Vyhledejte, jak se jmenuje funkce, která přečte řádek souboru.", "solution": "", "solution_text": "readline()", "show_correct": true, "inputs": "", "task_or_question": "q", "correct": [109, 110], "abc_values": []}}, {"model": "main.page_in_course", "pk": 52, "fields": {"author": 1, "title": "Úvod do seznamů", "date_time_creations": "2021-12-30T21:24:53.439", "description": "Vytvoření seznamu", "task": "Vytvořte a vypište prázdný seznam", "solution": "media/solutions/seznamy_IMlcIqz.py", "solution_text": "[]", "show_correct": true, "inputs": "", "task_or_question": "t", "correct": [111, 113], "abc_values": []}}, {"model": "main.page_in_course", "pk": 53, "fields": {"author": 1, "title": ".append()", "date_time_creations": "2021-12-27T11:23:22.024", "description": "Přidejte položky do seznamu", "task": "Do seznamu a = [1,\"Ahoj\"] přidejte text \"seznam\" a vypište jej.", "solution": "media/solutions/seznamy.py", "solution_text": "", "show_correct": true, "inputs": "", "task_or_question": "t", "correct": [112], "abc_values": []}}, {"model": "main.page_in_course", "pk": 54, "fields": {"author": 1, "title": "Délka seznamu", "date_time_creations": "2021-12-30T21:27:27.872", "description": "len(seznam)", "task": "Vypište délku seznamu [1,3,9,2,54,\"A\", \"Xd\", False]", "solution": "media/solutions/seznamy_dF2sOT8.py", "solution_text": "", "show_correct": true, "inputs": "", "task_or_question": "t", "correct": [114, 115, 116], "abc_values": []}}, {"model": "main.page_in_course", "pk": 55, "fields": {"author": 1, "title": "Sčítání seznamů", "date_time_creations": "2021-12-30T21:30:08.862", "description": "[] + []", "task": "Sečtěte seznamy [1,3] a [2,4] a vypište výsledný seznam", "solution": "media/solutions/seznamy_Guf9TO6.py", "solution_text": "", "show_correct": true, "inputs": "", "task_or_question": "t", "correct": [117], "abc_values": []}}, {"model": "main.page_in_course", "pk": 56, "fields": {"author": 1, "title": "Jednotlivé položky seznamu", "date_time_creations": "2021-12-30T21:32:43.446", "description": "Co když si chceme vypsat, změnit jen jednu hodnotu ze seznamu?", "task": "Ze seznamu [1,10,100] vypište první hodnotu.", "solution": "media/solutions/seznamy_wXbPDCJ.py", "solution_text": "", "show_correct": true, "inputs": "", "task_or_question": "t", "correct": [118], "abc_values": []}}, {"model": "main.page_in_course", "pk": 57, "fields": {"author": 1, "title": "Vymazání ze seznamu", "date_time_creations": "2022-02-10T17:19:37.952", "description": "Vymažte se seznamu ...", "task": "Vymažte se seznamu [70,80,0] první prvek a vypište seznam.", "solution": "media/solutions/seznamy_fz5PeLS.py", "solution_text": "", "show_correct": true, "inputs": "", "task_or_question": "t", "correct": [119, 206], "abc_values": []}}, {"model": "main.page_in_course", "pk": 58, "fields": {"author": 1, "title": "pop() a remove()", "date_time_creations": "2021-12-30T21:40:10.616", "description": "Vymažte se seznamu ...", "task": "Jaký je rozdíl mezi pop() a remove()", "solution": "", "solution_text": "pop() vymaže hodnotu podle indexu, remove() vymaže první položku s danou hodnotou", "show_correct": false, "inputs": "", "task_or_question": "c", "correct": [121], "abc_values": [22, 23, 24]}}, {"model": "main.page_in_course", "pk": 59, "fields": {"author": 1, "title": "count()", "date_time_creations": "2022-02-10T17:21:08.931", "description": "Spočítání prvků", "task": "Kolikrát je v seznamu [1,54,45,1,47589,187,1,57,1,87,157,1,45,1,1,1,458,1,548,1458,1,1,1,4857,1,\"1\",1,'1',1,1,1,1] číslo 1 ?", "solution": "media/solutions/seznamy_qhKfkdi.py", "solution_text": "", "show_correct": true, "inputs": "", "task_or_question": "t", "correct": [122, 123, 207, 208, 209, 210, 211], "abc_values": []}}, {"model": "main.page_in_course", "pk": 60, "fields": {"author": 1, "title": "reverse()", "date_time_creations": "2021-12-30T21:45:16.508", "description": "Co tato funkce udělá?", "task": "Vyzkoušejte, co vypíše tento program:\r\ncisla = [2, 3, 5, 7]\r\ncisla.reverse()\r\nprint(cisla)\r\n", "solution": "", "solution_text": "[7, 5, 3, 2]", "show_correct": false, "inputs": "", "task_or_question": "c", "correct": [124], "abc_values": [25, 26, 27]}}, {"model": "main.page_in_course", "pk": 61, "fields": {"author": 1, "title": "sort()", "date_time_creations": "2022-02-10T17:24:19.071", "description": "Seřazení", "task": "Jak bude vypadat seřazený seznam [17,18,0,12,-90,56,-1000,+952,9*9,32] ?", "solution": "", "solution_text": "[-1000, -90, 0, 12, 17, 18, 32, 56, 81, 952]", "show_correct": false, "inputs": "", "task_or_question": "q", "correct": [125, 126, 127, 128, 129, 218, 219, 220, 221, 222, 223], "abc_values": []}}, {"model": "main.page_in_course", "pk": 62, "fields": {"author": 1, "title": "copy()", "date_time_creations": "2021-12-30T21:54:21.517", "description": "Kopírování seznamů", "task": "V proměnné seznam máme [1,2,3]. Jakým způsobem vytvořím druhou proměnnou s obsahem první tak, abych již neměnil obsah první proměnné?", "solution": "", "solution_text": "seznam_2 = seznam.copy()", "show_correct": true, "inputs": "", "task_or_question": "c", "correct": [130], "abc_values": [28, 29, 30]}}, {"model": "main.page_in_course", "pk": 65, "fields": {"author": 10, "title": "Cumssssss SddddddhjjjjjjjjjjkkkkkkkkHhgghggvvbbhhfddfhhjffdghjnffhhfhffffhbvfghgffghnffcgnbcvngffghccghggjgfghfggffggfghggghhfgghhgfghgghghghhcfgghgggghgggggggg", "date_time_creations": "2022-01-27T11:55:01.331", "description": "Cc", "task": "Radt", "solution": "", "solution_text": "SddddddhjjjjjjjjjjkkkkkkkkHhgghggvvbbhhfddfhhjffdghjnffhhfhffffhbvfghgffghnffcgnbcvngffghccghggjgfghfggffggfghggghhfgghhgfghgghghghhcfgghgggghgggggggg", "show_correct": true, "inputs": "", "task_or_question": "c", "correct": [], "abc_values": [31, 32, 33]}}, {"model": "main.page_in_course", "pk": 68, "fields": {"author": 1, "title": "První položka seznamu", "date_time_creations": "2022-02-14T14:25:16.933", "description": "Doplňte na vynechaná místa (___) v kódu tak, aby program vypsal první položku seznamu.", "task": "a = [1,2,3]\r\nprint(___)", "solution": "", "solution_text": "a[0]", "show_correct": true, "inputs": "", "task_or_question": "c", "correct": [229], "abc_values": [37, 38, 39]}}, {"model": "main.page_in_course", "pk": 71, "fields": {"author": 19, "title": "test", "date_time_creations": "2022-03-09T11:36:31.293", "description": "Proč je tam tak malý obrázek?", "task": "Jakou příponu má python.", "solution": "", "solution_text": ".py", "show_correct": true, "inputs": "", "task_or_question": "c", "correct": [232], "abc_values": [41, 42, 43]}}, {"model": "main.page_in_course", "pk": 72, "fields": {"author": 1, "title": "Funkce print", "date_time_creations": "2022-04-03T11:24:56.379", "description": "První program každého programátora", "task": "Vypište text Hello world", "solution": "media/solutions/Hello_world_z6arPsc.py", "solution_text": "", "show_correct": true, "inputs": "", "task_or_question": "t", "correct": [234, 235, 236, 237], "abc_values": []}}, {"model": "main.course", "pk": 1, "fields": {"title": "Lekce 0", "descrpition": "Python je vysokoúrovňový programovací jazyk, který v roce 1991 navrhl Guido van Rossum. Nabízí dynamickou kontrolu datových typů a podporuje různá programovací paradigmata, včetně objektově orientovaného, imperativního, procedurálního nebo funkcionálního. V roce 2018 vzrostla jeho popularita a zařadil se mezi nejoblíbenější jazyky. V řadě různých žebříčků dosahuje jedno z prvních třech míst, výjimkou nebývají první místa.\n\nPython je vyvíjen jako open source projekt, který zdarma nabízí instalační balíky pro většinu běžných platforem (Unix, MS Windows, macOS, Android); ve většině distribucí systému GNU/Linux je Python součástí základní instalace.\n\nTato lekce bude obsahovat instalaci Pythonu, vývojového prostředí, jak otevřít .py soubor", "date_time_creations": "2022-03-30T12:50:51.782", "image": "media/images/intro.jpg", "author": 1, "page_order": "1 2", "filled_count": 18, "pages": [1, 2]}}, {"model": "main.course", "pk": 2, "fields": {"title": "Funkce print()", "descrpition": "Procvičování nejzákladnější funkce při programování funkce print", "date_time_creations": "2022-03-28T18:21:05.638", "image": "media/images/print.jpg", "author": 1, "page_order": "3 9 10 11", "filled_count": 13, "pages": [3, 9, 10, 11]}}, {"model": "main.course", "pk": 3, "fields": {"title": "Proměnné", "descrpition": "Proměnné slouží k ukládání čísel, textu, nebo jiných dat do paměti.\nV Pythonu se proměnné deklarují bez udání typu: a = 10\nProměnné můžeme vypisovat funkcí print: print(a)", "date_time_creations": "2022-03-31T11:09:54.282", "image": "media/images/variables.jpg", "author": 1, "page_order": "4 5 6 7 12 13 16", "filled_count": 8, "pages": [4, 5, 6, 7, 12, 13, 16]}}, {"model": "main.course", "pk": 4, "fields": {"title": "Vstupy", "descrpition": "Vstupy z klávesnice od uživatele", "date_time_creations": "2022-03-12T11:24:00.631", "image": "media/images/inputs.jpg", "author": 1, "page_order": "14 15", "filled_count": 4, "pages": [14, 15]}}, {"model": "main.course", "pk": 5, "fields": {"title": "Knihovna math", "descrpition": "Číslo pí, Eulerovo číslo, absolutní hodnota, odmocnina, sinus, cosinus, tangens, zaokrouhlování, ...", "date_time_creations": "2022-03-13T22:20:36.839", "image": "media/images/math.jpg", "author": 1, "page_order": "17 18 19 20 21", "filled_count": 6, "pages": [17, 18, 19, 20, 21]}}, {"model": "main.course", "pk": 6, "fields": {"title": "Podmínky", "descrpition": "Příkaz umožňující rozhodování", "date_time_creations": "2022-03-12T11:30:12.186", "image": "media/images/if.jpg", "author": 1, "page_order": "22 23 24", "filled_count": 3, "pages": [22, 23, 24]}}, {"model": "main.course", "pk": 7, "fields": {"title": "Random", "descrpition": "Random čísla, random výběr", "date_time_creations": "2022-03-12T11:28:48.287", "image": "media/images/random.jpg", "author": 1, "page_order": "25 26", "filled_count": 3, "pages": [25, 26]}}, {"model": "main.course", "pk": 8, "fields": {"title": "Cykly", "descrpition": "Opakované provádění příkazů\r\nDokud platí podmínka, bude se provádět blok\r\nPodmínka má stejnou podobu jako u IFů\r\nMůže nastat tzv nekonečný cyklus - nutné ošetření!", "date_time_creations": "2022-02-10T16:27:21.184", "image": "media/images/while.jpg", "author": 1, "page_order": "27 28 29", "filled_count": 2, "pages": [27, 28, 29]}}, {"model": "main.course", "pk": 9, "fields": {"title": "Seznamy", "descrpition": "list", "date_time_creations": "2022-03-12T11:18:31.837", "image": "media/images/list.jpg", "author": 1, "page_order": "52 56 53 54 55 57 58 59 60 61 62 68", "filled_count": 6, "pages": [52, 53, 54, 55, 56, 57, 58, 59, 60, 61, 62, 68]}}, {"model": "main.course", "pk": 10, "fields": {"title": "Slovníky", "descrpition": "Dictionaries\r\nPřáklad: auto = {\r\n  \"znacka\": \"Ford\",\r\n  \"model\": \"Mustang\"\r\n}", "date_time_creations": "2022-02-10T14:16:58.216", "image": "media/images/slovniky.jpg", "author": 1, "page_order": "30 31 32 33", "filled_count": 1, "pages": [30, 31, 32, 33]}}, {"model": "main.course", "pk": 11, "fields": {"title": "Pokročilé operace s řetězci", "descrpition": "Jak efektivně pracovat s řetězci (strong)", "date_time_creations": "2022-02-10T16:27:21.663", "image": "media/images/str.jpg", "author": 1, "page_order": "34 35 36 37 38 39 40 41 42", "filled_count": 2, "pages": [34, 35, 36, 37, 38, 39, 40, 41, 42]}}, {"model": "main.course", "pk": 12, "fields": {"title": "ntice", "descrpition": "\"Seznam\" konečného počtu - oproti seznamu nemá žádné funkce jako .append", "date_time_creations": "2022-02-10T16:27:22.592", "image": "media/images/ntice.jpg", "author": 1, "page_order": "43", "filled_count": 2, "pages": [43]}}, {"model": "main.course", "pk": 13, "fields": {"title": "Funkce", "descrpition": "Funkce, neboli podprogramy.\nNěkdy potřebujeme nějaké příkazy spouštět vícekrát, nebo chceme mít přehledný program, tak je velmi užitečné použít funkce.", "date_time_creations": "2021-12-26T15:54:43.739", "image": "media/images/def.jpg", "author": 1, "page_order": "44 45 46 47", "filled_count": 2, "pages": [44, 45, 46, 47]}}, {"model": "main.course", "pk": 14, "fields": {"title": "Výjimky", "descrpition": "Výjimky slouží k zachycení chyb a problémových stavů\ntry:\n    blok s kódem, kde může nastat chyba\nexcept:\n    blok, který se provede při chybě\nelse:\n    nepovinný blok, který se provede, když nenastane\n    chyba    \nHodí se například při ošetřování převodu textu na číslo.", "date_time_creations": "2021-12-26T15:57:06.359", "image": "media/images/try.jpg", "author": 1, "page_order": "48", "filled_count": 2, "pages": [48]}}, {"model": "main.course", "pk": 15, "fields": {"title": "Soubory", "descrpition": "Práce s textovými soubory (nejen .txt)", "date_time_creations": "2021-12-10T21:00:20.337", "image": "media/images/files.jpg", "author": 1, "page_order": "49 51", "filled_count": 2, "pages": [49, 51]}}, {"model": "main.course", "pk": 16, "fields": {"title": "Pokusný kurz", "descrpition": "Tady je zkušební popis", "date_time_creations": "2022-03-13T22:29:32.311", "image": "media/images/pes.jpg", "author": 2, "page_order": "50", "filled_count": 6, "pages": [50]}}, {"model": "main.course", "pk": 17, "fields": {"title": "Cum", "descrpition": "Pp", "date_time_creations": "2022-01-27T20:35:08.143", "image": "media/images/IMG_20220120_084155.jpg", "author": 3, "page_order": "65", "filled_count": 1, "pages": [65]}}, {"model": "main.course", "pk": 19, "fields": {"title": "Pokus", "descrpition": "Pokusná lekce", "date_time_creations": "2022-02-14T13:14:37.693", "image": "media/images/elementy.jpg", "author": 4, "page_order": "", "filled_count": 0, "pages": []}}, {"model": "main.course", "pk": 20, "fields": {"title": "Vypsaní věty \"SPSEOL je nejlepší škola\"", "descrpition": "Založte si proměnnou do které uložíte text SPSEOL je nejlepší škola.\nProměnnou vypište", "date_time_creations": "2022-03-04T14:07:17.013", "image": "media/images/test.jpg", "author": 5, "page_order": "", "filled_count": 0, "pages": []}}, {"model": "main.course", "pk": 21, "fields": {"title": "Python in a Nutshell", "descrpition": "Python in a Nutshell", "date_time_creations": "2022-03-13T22:28:28.115", "image": "media/images/zzzz.png", "author": 6, "page_order": "71", "filled_count": 2, "pages": [71]}}, {"model": "main.course", "pk": 25, "fields": {"title": "Funkce print", "descrpition": "Vypsisování do konzole", "date_time_creations": "2022-04-03T11:22:59.768", "image": "media/images/code.png", "author": 1, "page_order": "72", "filled_count": 0, "pages": [72]}}, {"model": "main.filled_pages", "pk": 4, "fields": {"date_time_filled": "2022-02-10T17:06:03.830", "page": 4, "file": "media/py_files/4.py", "solution_text": "", "is_correct": true}}, {"model": "main.filled_pages", "pk": 5, "fields": {"date_time_filled": "2022-02-10T17:06:36.368", "page": 5, "file": "media/py_files/5.py", "solution_text": "", "is_correct": true}}, {"model": "main.filled_pages", "pk": 8, "fields": {"date_time_filled": "2022-02-10T17:11:00.584", "page": 12, "file": "media/py_files/8.py", "solution_text": "", "is_correct": true}}, {"model": "main.filled_pages", "pk": 9, "fields": {"date_time_filled": "2022-02-10T17:11:19.244", "page": 13, "file": "", "solution_text": "7", "is_correct": true}}, {"model": "main.filled_pages", "pk": 16, "fields": {"date_time_filled": "2022-02-10T16:39:17.152", "page": 17, "file": "", "solution_text": "14", "is_correct": true}}, {"model": "main.filled_pages", "pk": 18, "fields": {"date_time_filled": "2021-11-25T21:50:53.235", "page": 25, "file": "", "solution_text": "17", "is_correct": true}}, {"model": "main.filled_pages", "pk": 19, "fields": {"date_time_filled": "2021-11-25T21:52:08.325", "page": 26, "file": "", "solution_text": "20", "is_correct": true}}, {"model": "main.filled_pages", "pk": 23, "fields": {"date_time_filled": "2022-02-10T16:27:33.013", "page": 44, "file": "media/py_files/23.py", "solution_text": "", "is_correct": true}}, {"model": "main.filled_pages", "pk": 25, "fields": {"date_time_filled": "2022-02-10T16:47:48.636", "page": 48, "file": "media/py_files/25.py", "solution_text": "", "is_correct": true}}, {"model": "main.filled_pages", "pk": 27, "fields": {"date_time_filled": "2021-11-29T18:58:19.319", "page": 1, "file": "", "solution_text": "", "is_correct": false}}, {"model": "main.filled_pages", "pk": 29, "fields": {"date_time_filled": "2021-11-29T19:03:22.197", "page": 9, "file": "media/py_files/29.py", "solution_text": "", "is_correct": true}}, {"model": "main.filled_pages", "pk": 30, "fields": {"date_time_filled": "2021-11-29T19:03:29.542", "page": 10, "file": "", "solution_text": "", "is_correct": false}}, {"model": "main.filled_pages", "pk": 36, "fields": {"date_time_filled": "2021-12-03T08:55:06.636", "page": 1, "file": "", "solution_text": "3", "is_correct": true}}, {"model": "main.filled_pages", "pk": 38, "fields": {"date_time_filled": "2021-12-04T14:25:43.702", "page": 18, "file": "", "solution_text": "", "is_correct": false}}, {"model": "main.filled_pages", "pk": 39, "fields": {"date_time_filled": "2021-12-04T19:35:15.036", "page": 25, "file": "", "solution_text": "17", "is_correct": true}}, {"model": "main.filled_pages", "pk": 40, "fields": {"date_time_filled": "2021-12-04T14:34:24.701", "page": 37, "file": "", "solution_text": "", "is_correct": false}}, {"model": "main.filled_pages", "pk": 43, "fields": {"date_time_filled": "2021-12-04T19:26:52.513", "page": 1, "file": "", "solution_text": "3", "is_correct": true}}, {"model": "main.filled_pages", "pk": 45, "fields": {"date_time_filled": "2021-12-04T19:36:05.617", "page": 26, "file": "", "solution_text": "20", "is_correct": true}}, {"model": "main.filled_pages", "pk": 49, "fields": {"date_time_filled": "2021-12-05T18:35:40.121", "page": 9, "file": "", "solution_text": "", "is_correct": false}}, {"model": "main.filled_pages", "pk": 53, "fields": {"date_time_filled": "2022-03-14T12:26:51.124", "page": 9, "file": "media/py_files/53.py", "solution_text": "", "is_correct": true}}, {"model": "main.filled_pages", "pk": 54, "fields": {"date_time_filled": "2021-12-08T19:41:40.117", "page": 10, "file": "media/py_files/54.py", "solution_text": "", "is_correct": true}}, {"model": "main.filled_pages", "pk": 55, "fields": {"date_time_filled": "2022-03-06T13:39:13.157", "page": 11, "file": "", "solution_text": "5", "is_correct": true}}, {"model": "main.filled_pages", "pk": 56, "fields": {"date_time_filled": "2022-02-10T16:40:06.113", "page": 18, "file": "media/py_files/56.py", "solution_text": "", "is_correct": true}}, {"model": "main.filled_pages", "pk": 61, "fields": {"date_time_filled": "2022-02-10T16:38:03.457", "page": 51, "file": "", "solution_text": "readline()", "is_correct": true}}, {"model": "main.filled_pages", "pk": 62, "fields": {"date_time_filled": "2021-12-21T15:00:09.740", "page": 1, "file": "", "solution_text": "3", "is_correct": true}}, {"model": "main.filled_pages", "pk": 65, "fields": {"date_time_filled": "2021-12-21T15:33:47.420", "page": 9, "file": "media/py_files/65.py", "solution_text": "", "is_correct": true}}, {"model": "main.filled_pages", "pk": 66, "fields": {"date_time_filled": "2021-12-21T15:38:26.288", "page": 10, "file": "media/py_files/66.py", "solution_text": "", "is_correct": true}}, {"model": "main.filled_pages", "pk": 67, "fields": {"date_time_filled": "2021-12-21T15:38:35.848", "page": 11, "file": "", "solution_text": "5", "is_correct": true}}, {"model": "main.filled_pages", "pk": 68, "fields": {"date_time_filled": "2021-12-21T15:40:22.732", "page": 4, "file": "media/py_files/68.py", "solution_text": "", "is_correct": false}}, {"model": "main.filled_pages", "pk": 69, "fields": {"date_time_filled": "2021-12-21T15:40:45.604", "page": 5, "file": "media/py_files/69.py", "solution_text": "", "is_correct": false}}, {"model": "main.filled_pages", "pk": 72, "fields": {"date_time_filled": "2021-12-21T15:46:55.738", "page": 12, "file": "media/py_files/72.py", "solution_text": "", "is_correct": false}}, {"model": "main.filled_pages", "pk": 73, "fields": {"date_time_filled": "2021-12-24T09:43:13.113", "page": 17, "file": "", "solution_text": "", "is_correct": false}}, {"model": "main.filled_pages", "pk": 86, "fields": {"date_time_filled": "2022-02-04T22:29:41.246", "page": 52, "file": "media/py_files/86.py", "solution_text": "", "is_correct": true}}, {"model": "main.filled_pages", "pk": 87, "fields": {"date_time_filled": "2022-01-11T22:32:14.334", "page": 56, "file": "media/py_files/87.py", "solution_text": "", "is_correct": true}}, {"model": "main.filled_pages", "pk": 88, "fields": {"date_time_filled": "2021-12-31T10:25:49.936", "page": 53, "file": "", "solution_text": "", "is_correct": false}}, {"model": "main.filled_pages", "pk": 89, "fields": {"date_time_filled": "2021-12-31T10:26:02.092", "page": 62, "file": "", "solution_text": "30", "is_correct": true}}, {"model": "main.filled_pages", "pk": 90, "fields": {"date_time_filled": "2022-02-10T16:34:33.467", "page": 46, "file": "media/py_files/90.py", "solution_text": "", "is_correct": true}}, {"model": "main.filled_pages", "pk": 97, "fields": {"date_time_filled": "2022-02-02T15:24:37.215", "page": 50, "file": "", "solution_text": "[]", "is_correct": true}}, {"model": "main.filled_pages", "pk": 99, "fields": {"date_time_filled": "2022-02-10T14:20:46.167", "page": 30, "file": "media/py_files/99.py", "solution_text": "", "is_correct": true}}, {"model": "main.filled_pages", "pk": 100, "fields": {"date_time_filled": "2022-02-10T14:21:28.520", "page": 31, "file": "media/py_files/100.py", "solution_text": "", "is_correct": true}}, {"model": "main.filled_pages", "pk": 102, "fields": {"date_time_filled": "2022-02-10T16:24:35.337", "page": 32, "file": "media/py_files/102.py", "solution_text": "", "is_correct": true}}, {"model": "main.filled_pages", "pk": 103, "fields": {"date_time_filled": "2022-02-10T16:27:00.960", "page": 33, "file": "media/py_files/103.py", "solution_text": "", "is_correct": true}}, {"model": "main.filled_pages", "pk": 106, "fields": {"date_time_filled": "2022-02-10T16:34:20.952", "page": 45, "file": "media/py_files/106.py", "solution_text": "", "is_correct": true}}, {"model": "main.filled_pages", "pk": 107, "fields": {"date_time_filled": "2022-02-10T16:36:32.096", "page": 47, "file": "media/py_files/107.py", "solution_text": "", "is_correct": true}}, {"model": "main.filled_pages", "pk": 108, "fields": {"date_time_filled": "2022-02-22T12:18:04.301", "page": 49, "file": "media/py_files/108.py", "solution_text": "", "is_correct": true}}, {"model": "main.filled_pages", "pk": 111, "fields": {"date_time_filled": "2022-02-10T16:43:15.125", "page": 19, "file": "media/py_files/111.py", "solution_text": "", "is_correct": true}}, {"model": "main.filled_pages", "pk": 114, "fields": {"date_time_filled": "2022-02-10T16:45:44.412", "page": 21, "file": "", "solution_text": "10.0", "is_correct": true}}, {"model": "main.filled_pages", "pk": 115, "fields": {"date_time_filled": "2022-03-27T13:28:37.160", "page": 20, "file": "media/py_files/115.py", "solution_text": "", "is_correct": true}}, {"model": "main.filled_pages", "pk": 116, "fields": {"date_time_filled": "2022-02-10T16:49:43.006", "page": 22, "file": "media/py_files/116.py", "solution_text": "", "is_correct": true}}, {"model": "main.filled_pages", "pk": 118, "fields": {"date_time_filled": "2022-02-10T16:51:31.677", "page": 23, "file": "media/py_files/118.py", "solution_text": "", "is_correct": true}}, {"model": "main.filled_pages", "pk": 123, "fields": {"date_time_filled": "2022-02-10T16:59:45.053", "page": 24, "file": "media/py_files/123.py", "solution_text": "", "is_correct": true}}, {"model": "main.filled_pages", "pk": 125, "fields": {"date_time_filled": "2022-02-10T17:04:29.121", "page": 15, "file": "media/py_files/125.py", "solution_text": "", "is_correct": true}}, {"model": "main.filled_pages", "pk": 126, "fields": {"date_time_filled": "2022-02-10T17:08:36.761", "page": 6, "file": "media/py_files/126.py", "solution_text": "", "is_correct": true}}, {"model": "main.filled_pages", "pk": 127, "fields": {"date_time_filled": "2022-02-10T17:09:52.138", "page": 7, "file": "media/py_files/127.py", "solution_text": "", "is_correct": true}}, {"model": "main.filled_pages", "pk": 128, "fields": {"date_time_filled": "2022-02-10T17:11:41.053", "page": 16, "file": "", "solution_text": "12", "is_correct": true}}, {"model": "main.filled_pages", "pk": 129, "fields": {"date_time_filled": "2022-02-11T15:45:02.552", "page": 52, "file": "media/py_files/129.py", "solution_text": "", "is_correct": true}}, {"model": "main.filled_pages", "pk": 130, "fields": {"date_time_filled": "2022-02-10T17:13:27.805", "page": 56, "file": "media/py_files/130.py", "solution_text": "", "is_correct": true}}, {"model": "main.filled_pages", "pk": 131, "fields": {"date_time_filled": "2022-02-10T17:14:11.569", "page": 53, "file": "media/py_files/131.py", "solution_text": "", "is_correct": true}}, {"model": "main.filled_pages", "pk": 132, "fields": {"date_time_filled": "2022-02-10T17:14:25.069", "page": 54, "file": "media/py_files/132.py", "solution_text": "", "is_correct": true}}, {"model": "main.filled_pages", "pk": 133, "fields": {"date_time_filled": "2022-02-10T17:14:45.428", "page": 55, "file": "media/py_files/133.py", "solution_text": "", "is_correct": true}}, {"model": "main.filled_pages", "pk": 137, "fields": {"date_time_filled": "2022-02-10T17:19:41.579", "page": 57, "file": "media/py_files/137.py", "solution_text": "", "is_correct": true}}, {"model": "main.filled_pages", "pk": 138, "fields": {"date_time_filled": "2022-02-10T17:20:01.570", "page": 58, "file": "", "solution_text": "23", "is_correct": true}}, {"model": "main.filled_pages", "pk": 141, "fields": {"date_time_filled": "2022-02-10T17:21:13.259", "page": 59, "file": "media/py_files/141.py", "solution_text": "", "is_correct": true}}, {"model": "main.filled_pages", "pk": 142, "fields": {"date_time_filled": "2022-02-10T17:21:29.750", "page": 60, "file": "", "solution_text": "25", "is_correct": true}}, {"model": "main.filled_pages", "pk": 144, "fields": {"date_time_filled": "2022-02-10T22:13:06.584", "page": 62, "file": "", "solution_text": "30", "is_correct": true}}, {"model": "main.filled_pages", "pk": 145, "fields": {"date_time_filled": "2022-02-22T12:17:28.085", "page": 27, "file": "media/py_files/145.py", "solution_text": "", "is_correct": true}}, {"model": "main.filled_pages", "pk": 146, "fields": {"date_time_filled": "2022-02-10T17:27:25.288", "page": 28, "file": "media/py_files/146.py", "solution_text": "", "is_correct": true}}, {"model": "main.filled_pages", "pk": 148, "fields": {"date_time_filled": "2022-02-10T22:12:53.799", "page": 29, "file": "", "solution_text": "35", "is_correct": true}}, {"model": "main.filled_pages", "pk": 150, "fields": {"date_time_filled": "2022-02-10T17:32:46.998", "page": 34, "file": "media/py_files/150.py", "solution_text": "", "is_correct": true}}, {"model": "main.filled_pages", "pk": 151, "fields": {"date_time_filled": "2022-02-10T17:34:16.633", "page": 35, "file": "media/py_files/151.py", "solution_text": "", "is_correct": true}}, {"model": "main.filled_pages", "pk": 153, "fields": {"date_time_filled": "2022-02-10T17:36:14.801", "page": 36, "file": "media/py_files/153.py", "solution_text": "", "is_correct": true}}, {"model": "main.filled_pages", "pk": 154, "fields": {"date_time_filled": "2022-02-10T17:36:47.965", "page": 37, "file": "media/py_files/154.py", "solution_text": "", "is_correct": true}}, {"model": "main.filled_pages", "pk": 155, "fields": {"date_time_filled": "2022-02-10T17:37:42.896", "page": 38, "file": "media/py_files/155.py", "solution_text": "", "is_correct": true}}, {"model": "main.filled_pages", "pk": 156, "fields": {"date_time_filled": "2022-02-10T17:38:27.817", "page": 39, "file": "media/py_files/156.py", "solution_text": "", "is_correct": true}}, {"model": "main.filled_pages", "pk": 157, "fields": {"date_time_filled": "2022-02-10T17:39:19.529", "page": 40, "file": "media/py_files/157.py", "solution_text": "", "is_correct": true}}, {"model": "main.filled_pages", "pk": 159, "fields": {"date_time_filled": "2022-02-10T22:12:35.577", "page": 41, "file": "media/py_files/159.py", "solution_text": "", "is_correct": true}}, {"model": "main.filled_pages", "pk": 160, "fields": {"date_time_filled": "2022-02-10T22:12:25.173", "page": 42, "file": "media/py_files/160.py", "solution_text": "", "is_correct": true}}, {"model": "main.filled_pages", "pk": 165, "fields": {"date_time_filled": "2022-02-11T15:48:11.325", "page": 43, "file": "media/py_files/165.py", "solution_text": "", "is_correct": true}}, {"model": "main.filled_pages", "pk": 166, "fields": {"date_time_filled": "2022-02-10T22:14:00.876", "page": 61, "file": "", "solution_text": "[-1000, -90, 0, 12, 17, 18, 32, 56, 81, 952]", "is_correct": true}}, {"model": "main.filled_pages", "pk": 168, "fields": {"date_time_filled": "2022-02-11T18:48:54.250", "page": 2, "file": "", "solution_text": "Visual Studio Code", "is_correct": true}}, {"model": "main.filled_pages", "pk": 182, "fields": {"date_time_filled": "2022-02-14T13:42:14.773", "page": 52, "file": "media/py_files/182.py", "solution_text": "", "is_correct": true}}, {"model": "main.filled_pages", "pk": 183, "fields": {"date_time_filled": "2022-02-14T13:43:04.649", "page": 56, "file": "media/py_files/183.py", "solution_text": "", "is_correct": true}}, {"model": "main.filled_pages", "pk": 184, "fields": {"date_time_filled": "2022-02-14T13:44:25.821", "page": 53, "file": "media/py_files/184.py", "solution_text": "", "is_correct": true}}, {"model": "main.filled_pages", "pk": 185, "fields": {"date_time_filled": "2022-02-14T13:44:28.141", "page": 54, "file": "", "solution_text": "", "is_correct": false}}, {"model": "main.filled_pages", "pk": 186, "fields": {"date_time_filled": "2022-02-14T13:48:59.785", "page": 50, "file": "", "solution_text": "", "is_correct": false}}, {"model": "main.filled_pages", "pk": 187, "fields": {"date_time_filled": "2022-02-22T19:01:02.008", "page": 68, "file": "", "solution_text": "39", "is_correct": true}}, {"model": "main.filled_pages", "pk": 189, "fields": {"date_time_filled": "2022-03-04T13:26:27.441", "page": 1, "file": "", "solution_text": "3", "is_correct": true}}, {"model": "main.filled_pages", "pk": 190, "fields": {"date_time_filled": "2022-03-04T13:27:17.377", "page": 2, "file": "", "solution_text": "Visual studio code", "is_correct": true}}, {"model": "main.filled_pages", "pk": 192, "fields": {"date_time_filled": "2022-03-04T13:34:14.212", "page": 9, "file": "media/py_files/192.py", "solution_text": "", "is_correct": true}}, {"model": "main.filled_pages", "pk": 193, "fields": {"date_time_filled": "2022-03-04T13:37:31.521", "page": 10, "file": "media/py_files/193.py", "solution_text": "", "is_correct": true}}, {"model": "main.filled_pages", "pk": 194, "fields": {"date_time_filled": "2022-03-04T13:37:43.329", "page": 11, "file": "", "solution_text": "5", "is_correct": true}}, {"model": "main.filled_pages", "pk": 195, "fields": {"date_time_filled": "2022-03-04T13:38:17.088", "page": 4, "file": "media/py_files/195.py", "solution_text": "", "is_correct": true}}, {"model": "main.filled_pages", "pk": 196, "fields": {"date_time_filled": "2022-03-04T13:39:00.873", "page": 5, "file": "media/py_files/196.py", "solution_text": "", "is_correct": true}}, {"model": "main.filled_pages", "pk": 197, "fields": {"date_time_filled": "2022-03-04T13:39:32.998", "page": 6, "file": "media/py_files/197.py", "solution_text": "", "is_correct": true}}, {"model": "main.filled_pages", "pk": 198, "fields": {"date_time_filled": "2022-03-04T13:41:42.389", "page": 7, "file": "media/py_files/198.py", "solution_text": "", "is_correct": true}}, {"model": "main.filled_pages", "pk": 199, "fields": {"date_time_filled": "2022-03-04T13:43:05.097", "page": 12, "file": "media/py_files/199.py", "solution_text": "", "is_correct": true}}, {"model": "main.filled_pages", "pk": 200, "fields": {"date_time_filled": "2022-03-04T13:43:24.505", "page": 13, "file": "", "solution_text": "7", "is_correct": true}}, {"model": "main.filled_pages", "pk": 201, "fields": {"date_time_filled": "2022-03-04T13:44:12.637", "page": 16, "file": "", "solution_text": "12", "is_correct": true}}, {"model": "main.filled_pages", "pk": 204, "fields": {"date_time_filled": "2022-03-09T11:18:05.666", "page": 9, "file": "media/py_files/204.py", "solution_text": "", "is_correct": true}}, {"model": "main.filled_pages", "pk": 205, "fields": {"date_time_filled": "2022-03-09T11:19:35.734", "page": 10, "file": "media/py_files/205.py", "solution_text": "", "is_correct": true}}, {"model": "main.filled_pages", "pk": 206, "fields": {"date_time_filled": "2022-03-09T11:19:52.355", "page": 11, "file": "", "solution_text": "5", "is_correct": true}}, {"model": "main.filled_pages", "pk": 207, "fields": {"date_time_filled": "2022-03-12T11:09:12.214", "page": 2, "file": "", "solution_text": "Spyder", "is_correct": true}}, {"model": "main.filled_pages", "pk": 208, "fields": {"date_time_filled": "2022-03-12T11:09:31.903", "page": 1, "file": "", "solution_text": "3", "is_correct": true}}, {"model": "main.filled_pages", "pk": 210, "fields": {"date_time_filled": "2022-03-12T11:15:39.202", "page": 9, "file": "media/py_files/210.py", "solution_text": "", "is_correct": false}}, {"model": "main.filled_pages", "pk": 211, "fields": {"date_time_filled": "2022-03-12T11:16:27.070", "page": 7, "file": "", "solution_text": "", "is_correct": false}}, {"model": "main.filled_pages", "pk": 212, "fields": {"date_time_filled": "2022-03-13T22:18:15.425", "page": 4, "file": "media/py_files/212.py", "solution_text": "", "is_correct": false}}, {"model": "main.filled_pages", "pk": 213, "fields": {"date_time_filled": "2022-03-12T11:19:34.231", "page": 52, "file": "media/py_files/213.py", "solution_text": "", "is_correct": false}}, {"model": "main.filled_pages", "pk": 214, "fields": {"date_time_filled": "2022-03-12T11:19:17.211", "page": 59, "file": "media/py_files/214.py", "solution_text": "", "is_correct": false}}, {"model": "main.filled_pages", "pk": 215, "fields": {"date_time_filled": "2022-03-12T11:19:43.119", "page": 50, "file": "", "solution_text": "", "is_correct": false}}, {"model": "main.filled_pages", "pk": 217, "fields": {"date_time_filled": "2022-03-12T11:26:23.763", "page": 15, "file": "media/py_files/217.py", "solution_text": "", "is_correct": false}}, {"model": "main.filled_pages", "pk": 218, "fields": {"date_time_filled": "2022-03-12T11:29:28.807", "page": 25, "file": "", "solution_text": "17", "is_correct": true}}, {"model": "main.filled_pages", "pk": 219, "fields": {"date_time_filled": "2022-03-12T11:29:55.391", "page": 26, "file": "", "solution_text": "20", "is_correct": true}}, {"model": "main.filled_pages", "pk": 220, "fields": {"date_time_filled": "2022-03-12T11:32:41.368", "page": 10, "file": "", "solution_text": "", "is_correct": false}}, {"model": "main.filled_pages", "pk": 222, "fields": {"date_time_filled": "2022-03-13T22:09:44.643", "page": 1, "file": "", "solution_text": "3", "is_correct": true}}, {"model": "main.filled_pages", "pk": 223, "fields": {"date_time_filled": "2022-03-13T22:10:19.991", "page": 2, "file": "", "solution_text": "pycharm", "is_correct": true}}, {"model": "main.filled_pages", "pk": 225, "fields": {"date_time_filled": "2022-03-13T22:12:28.816", "page": 9, "file": "media/py_files/225.py", "solution_text": "", "is_correct": false}}, {"model": "main.filled_pages", "pk": 226, "fields": {"date_time_filled": "2022-03-13T22:13:06.154", "page": 10, "file": "", "solution_text": "", "is_correct": false}}, {"model": "main.filled_pages", "pk": 227, "fields": {"date_time_filled": "2022-03-13T22:14:14.245", "page": 17, "file": "", "solution_text": "14", "is_correct": true}}, {"model": "main.filled_pages", "pk": 228, "fields": {"date_time_filled": "2022-03-13T22:14:15.731", "page": 18, "file": "", "solution_text": "", "is_correct": false}}, {"model": "main.filled_pages", "pk": 229, "fields": {"date_time_filled": "2022-03-13T22:18:20.016", "page": 5, "file": "", "solution_text": "", "is_correct": false}}, {"model": "main.filled_pages", "pk": 230, "fields": {"date_time_filled": "2022-03-13T22:20:03.980", "page": 12, "file": "media/py_files/230.py", "solution_text": "", "is_correct": false}}, {"model": "main.filled_pages", "pk": 231, "fields": {"date_time_filled": "2022-03-13T22:19:48.001", "page": 13, "file": "", "solution_text": "", "is_correct": false}}, {"model": "main.filled_pages", "pk": 232, "fields": {"date_time_filled": "2022-03-13T22:20:39.220", "page": 21, "file": "", "solution_text": "", "is_correct": false}}, {"model": "main.filled_pages", "pk": 233, "fields": {"date_time_filled": "2022-03-13T22:27:48.501", "page": 17, "file": "", "solution_text": "14", "is_correct": true}}, {"model": "main.filled_pages", "pk": 234, "fields": {"date_time_filled": "2022-03-13T22:27:50.258", "page": 18, "file": "", "solution_text": "", "is_correct": false}}, {"model": "main.filled_pages", "pk": 235, "fields": {"date_time_filled": "2022-03-13T22:28:37.615", "page": 71, "file": "", "solution_text": "41", "is_correct": true}}, {"model": "main.filled_pages", "pk": 236, "fields": {"date_time_filled": "2022-03-14T12:31:06.355", "page": 14, "file": "media/py_files/236.py", "solution_text": "", "is_correct": true}}, {"model": "main.filled_pages", "pk": 239, "fields": {"date_time_filled": "2022-04-03T11:14:40.062", "page": 1, "file": "", "solution_text": "3", "is_correct": true}}, {"model": "main.filled_pages", "pk": 240, "fields": {"date_time_filled": "2022-04-03T11:14:51.275", "page": 2, "file": "", "solution_text": "PyCharm", "is_correct": true}}, {"model": "main.filled_course", "pk": 3, "fields": {"course": 3, "date_time_filled": "2022-02-10T17:11:21.253", "pages": [4, 5, 8, 9, 126, 127, 128]}}, {"model": "main.filled_course", "pk": 4, "fields": {"course": 4, "date_time_filled": "2022-03-14T12:30:56.884", "pages": [125, 236]}}, {"model": "main.filled_course", "pk": 5, "fields": {"course": 5, "date_time_filled": "2022-02-10T16:47:20.333", "pages": [16, 56, 111, 114, 115]}}, {"model": "main.filled_course", "pk": 6, "fields": {"course": 7, "date_time_filled": "2021-11-25T21:50:55.332", "pages": [18, 19]}}, {"model": "main.filled_course", "pk": 7, "fields": {"course": 6, "date_time_filled": "2022-02-10T16:59:43.104", "pages": [116, 118, 123]}}, {"model": "main.filled_course", "pk": 8, "fields": {"course": 13, "date_time_filled": "2022-02-10T16:36:14.680", "pages": [23, 90, 106, 107]}}, {"model": "main.filled_course", "pk": 9, "fields": {"course": 14, "date_time_filled": "2021-11-29T18:13:40.064", "pages": [25]}}, {"model": "main.filled_course", "pk": 10, "fields": {"course": 15, "date_time_filled": "2022-02-10T16:37:31.896", "pages": [61, 108]}}, {"model": "main.filled_course", "pk": 11, "fields": {"course": 1, "date_time_filled": "2021-11-29T18:58:43.504", "pages": [27]}}, {"model": "main.filled_course", "pk": 12, "fields": {"course": 2, "date_time_filled": "2021-11-29T19:03:29.590", "pages": [29, 30]}}, {"model": "main.filled_course", "pk": 15, "fields": {"course": 1, "date_time_filled": "2022-02-11T18:48:44.876", "pages": [36, 168]}}, {"model": "main.filled_course", "pk": 17, "fields": {"course": 12, "date_time_filled": "2021-12-26T15:57:34.119", "pages": []}}, {"model": "main.filled_course", "pk": 19, "fields": {"course": 2, "date_time_filled": "2021-12-05T18:35:40.181", "pages": [49]}}, {"model": "main.filled_course", "pk": 20, "fields": {"course": 3, "date_time_filled": "2021-12-04T14:24:40.933", "pages": []}}, {"model": "main.filled_course", "pk": 21, "fields": {"course": 4, "date_time_filled": "2021-12-26T15:59:14.863", "pages": []}}, {"model": "main.filled_course", "pk": 22, "fields": {"course": 5, "date_time_filled": "2021-12-04T14:25:43.757", "pages": [38]}}, {"model": "main.filled_course", "pk": 23, "fields": {"course": 7, "date_time_filled": "2021-12-04T19:35:18.672", "pages": [39, 45]}}, {"model": "main.filled_course", "pk": 24, "fields": {"course": 13, "date_time_filled": "2021-12-04T14:31:04.293", "pages": []}}, {"model": "main.filled_course", "pk": 25, "fields": {"course": 11, "date_time_filled": "2021-12-04T14:34:24.753", "pages": [40]}}, {"model": "main.filled_course", "pk": 26, "fields": {"course": 1, "date_time_filled": "2021-12-04T19:26:55.226", "pages": [43]}}, {"model": "main.filled_course", "pk": 27, "fields": {"course": 14, "date_time_filled": "2021-12-04T19:36:47.021", "pages": []}}, {"model": "main.filled_course", "pk": 28, "fields": {"course": 15, "date_time_filled": "2021-12-04T19:37:10.424", "pages": []}}, {"model": "main.filled_course", "pk": 30, "fields": {"course": 2, "date_time_filled": "2022-03-06T13:18:01.815", "pages": [53, 54, 55]}}, {"model": "main.filled_course", "pk": 32, "fields": {"course": 1, "date_time_filled": "2021-12-21T15:00:11.572", "pages": [62]}}, {"model": "main.filled_course", "pk": 33, "fields": {"course": 2, "date_time_filled": "2021-12-21T15:38:27.959", "pages": [65, 66, 67]}}, {"model": "main.filled_course", "pk": 34, "fields": {"course": 3, "date_time_filled": "2021-12-21T15:43:16.830", "pages": [68, 69, 72]}}, {"model": "main.filled_course", "pk": 35, "fields": {"course": 1, "date_time_filled": "2021-12-24T09:42:48.334", "pages": []}}, {"model": "main.filled_course", "pk": 36, "fields": {"course": 5, "date_time_filled": "2021-12-24T09:43:13.152", "pages": [73]}}, {"model": "main.filled_course", "pk": 37, "fields": {"course": 9, "date_time_filled": "2021-12-26T16:00:31.164", "pages": []}}, {"model": "main.filled_course", "pk": 38, "fields": {"course": 8, "date_time_filled": "2021-12-26T16:01:04.470", "pages": []}}, {"model": "main.filled_course", "pk": 39, "fields": {"course": 9, "date_time_filled": "2021-12-31T10:25:57.895", "pages": [86, 87, 88, 89]}}, {"model": "main.filled_course", "pk": 41, "fields": {"course": 2, "date_time_filled": "2022-01-27T10:12:53.593", "pages": []}}, {"model": "main.filled_course", "pk": 42, "fields": {"course": 17, "date_time_filled": "2022-01-27T20:35:08.128", "pages": []}}, {"model": "main.filled_course", "pk": 46, "fields": {"course": 16, "date_time_filled": "2022-02-02T15:24:06.948", "pages": [97]}}, {"model": "main.filled_course", "pk": 47, "fields": {"course": 10, "date_time_filled": "2022-02-10T16:24:38.764", "pages": [99, 100, 102, 103]}}, {"model": "main.filled_course", "pk": 48, "fields": {"course": 9, "date_time_filled": "2022-02-14T14:25:52.541", "pages": [129, 130, 131, 132, 133, 137, 138, 141, 142, 144, 166, 187]}}, {"model": "main.filled_course", "pk": 49, "fields": {"course": 8, "date_time_filled": "2022-02-10T17:30:16.960", "pages": [145, 146, 148]}}, {"model": "main.filled_course", "pk": 50, "fields": {"course": 11, "date_time_filled": "2022-02-10T17:40:10.304", "pages": [150, 151, 153, 154, 155, 156, 157, 159, 160]}}, {"model": "main.filled_course", "pk": 51, "fields": {"course": 12, "date_time_filled": "2022-02-10T17:48:33.507", "pages": [165]}}, {"model": "main.filled_course", "pk": 59, "fields": {"course": 9, "date_time_filled": "2022-02-14T13:44:28.168", "pages": [182, 183, 184, 185]}}, {"model": "main.filled_course", "pk": 60, "fields": {"course": 3, "date_time_filled": "2022-02-14T13:48:04.189", "pages": []}}, {"model": "main.filled_course", "pk": 61, "fields": {"course": 16, "date_time_filled": "2022-02-14T13:48:59.810", "pages": [186]}}, {"model": "main.filled_course", "pk": 62, "fields": {"course": 1, "date_time_filled": "2022-03-04T13:26:31.112", "pages": [189, 190]}}, {"model": "main.filled_course", "pk": 63, "fields": {"course": 2, "date_time_filled": "2022-03-04T13:37:33.189", "pages": [192, 193, 194]}}, {"model": "main.filled_course", "pk": 64, "fields": {"course": 3, "date_time_filled": "2022-03-04T13:43:25.644", "pages": [195, 196, 197, 198, 199, 200, 201]}}, {"model": "main.filled_course", "pk": 65, "fields": {"course": 2, "date_time_filled": "2022-03-09T11:19:39.405", "pages": [204, 205, 206]}}, {"model": "main.filled_course", "pk": 66, "fields": {"course": 1, "date_time_filled": "2022-03-12T11:09:21.041", "pages": [207, 208]}}, {"model": "main.filled_course", "pk": 67, "fields": {"course": 2, "date_time_filled": "2022-03-12T11:32:41.382", "pages": [210, 220]}}, {"model": "main.filled_course", "pk": 68, "fields": {"course": 3, "date_time_filled": "2022-03-13T22:19:48.012", "pages": [211, 212, 229, 230, 231]}}, {"model": "main.filled_course", "pk": 69, "fields": {"course": 9, "date_time_filled": "2022-03-12T11:19:12.318", "pages": [213, 214]}}, {"model": "main.filled_course", "pk": 70, "fields": {"course": 16, "date_time_filled": "2022-03-12T11:19:43.129", "pages": [215]}}, {"model": "main.filled_course", "pk": 71, "fields": {"course": 4, "date_time_filled": "2022-03-12T11:26:19.557", "pages": [217]}}, {"model": "main.filled_course", "pk": 72, "fields": {"course": 7, "date_time_filled": "2022-03-12T11:29:30.521", "pages": [218, 219]}}, {"model": "main.filled_course", "pk": 73, "fields": {"course": 6, "date_time_filled": "2022-03-12T11:30:12.175", "pages": []}}, {"model": "main.filled_course", "pk": 75, "fields": {"course": 1, "date_time_filled": "2022-03-13T22:09:46.518", "pages": [222, 223]}}, {"model": "main.filled_course", "pk": 76, "fields": {"course": 2, "date_time_filled": "2022-03-13T22:13:06.175", "pages": [225, 226]}}, {"model": "main.filled_course", "pk": 77, "fields": {"course": 5, "date_time_filled": "2022-03-13T22:14:15.748", "pages": [227, 228]}}, {"model": "main.filled_course", "pk": 78, "fields": {"course": 5, "date_time_filled": "2022-03-13T22:27:50.270", "pages": [232, 233, 234]}}, {"model": "main.filled_course", "pk": 79, "fields": {"course": 21, "date_time_filled": "2022-03-13T22:28:31.125", "pages": [235]}}, {"model": "main.filled_course", "pk": 80, "fields": {"course": 16, "date_time_filled": "2022-03-13T22:29:32.299", "pages": []}}, {"model": "main.filled_course", "pk": 82, "fields": {"course": 1, "date_time_filled": "2022-03-30T12:51:23.819", "pages": [239, 240]}}, {"model": "main.filled_course", "pk": 83, "fields": {"course": 3, "date_time_filled": "2022-03-31T11:09:54.266", "pages": []}}, {"model": "main.student", "pk": 1, "fields": {"user": 2, "info": "Jsem žák SPŠEOL.", "courses": [3, 4, 5, 6, 7, 8, 9, 10, 30, 42, 46, 47, 48, 49, 50, 51, 82]}}, {"model": "main.student", "pk": 2, "fields": {"user": 4, "info": "", "courses": [11, 12, 59, 60, 61]}}, {"model": "main.student", "pk": 3, "fields": {"user": 5, "info": "", "courses": [15, 39]}}, {"model": "main.student", "pk": 4, "fields": {"user": 6, "info": "", "courses": [17, 19, 20, 21, 22, 23, 24, 25, 26, 27, 28, 37, 38]}}, {"model": "main.student", "pk": 5, "fields": {"user": 7, "info": "", "courses": [32, 33, 34]}}, {"model": "main.student", "pk": 6, "fields": {"user": 8, "info": "", "courses": [35, 36]}}, {"model": "main.student", "pk": 7, "fields": {"user": 9, "info": "", "courses": [41]}}, {"model": "main.student", "pk": 9, "fields": {"user": 12, "info": "", "courses": []}}, {"model": "main.student", "pk": 12, "fields": {"user": 16, "info": "", "courses": [62, 63, 64]}}, {"model": "main.student", "pk": 13, "fields": {"user": 18, "info": "", "courses": [65]}}, {"model": "main.student", "pk": 14, "fields": {"user": 20, "info": "", "courses": [66, 67, 68, 69, 70, 71, 72, 73, 78, 79]}}, {"model": "main.student", "pk": 15, "fields": {"user": 21, "info": "", "courses": [75, 76, 77, 80]}}, {"model": "main.student", "pk": 16, "fields": {"user": 22, "info": "", "courses": [83]}}, {"model": "main.recovery_password", "pk": 1, "fields": {"user": 6, "date_time_creations": "2021-12-26T14:35:09.269", "valid_thru": "2022-01-19T12:02:27.759", "secret_key_1": "ScvcR", "secret_key_2": "wYGIAAHNeS"}}, {"model": "main.recovery_password", "pk": 39, "fields": {"user": 17, "date_time_creations": "2022-03-07T09:39:08.398", "valid_thru": "2022-04-05T18:30:54.267", "secret_key_1": "HLSPkHgf", "secret_key_2": "BYVrIj"}}, {"model": "main.recovery_password", "pk": 40, "fields": {"user": 1, "date_time_creations": "2022-04-03T11:16:48.501", "valid_thru": "2022-04-29T20:06:23.817", "secret_key_1": "bjFzxZ", "secret_key_2": "HfsKbsn"}}, {"model": "main.report", "pk": 2, "fields": {"course": 4, "reason": "Zbytečná lekce, nic nenaučí", "student": 1, "date_time_creations": "2022-02-22T20:00:18.911"}}, {"model": "main.report", "pk": 3, "fields": {"course": 2, "reason": "Nevhodné, urážlivé", "student": 1, "date_time_creations": "2022-02-22T20:00:30.653"}}, {"model": "admin.logentry", "pk": 1, "fields": {"action_time": "2021-11-23T19:08:27.426", "user": 1, "content_type": 5, "object_id": "1", "object_repr": "Teacher object (1)", "action_flag": 1, "change_message": "[{\"added\": {}}]"}}, {"model": "admin.logentry", "pk": 2, "fields": {"action_time": "2021-11-23T19:08:45.649", "user": 1, "content_type": 15, "object_id": "1", "object_repr": "jan", "action_flag": 2, "change_message": "[{\"changed\": {\"fields\": [\"First name\", \"Last name\"]}}]"}}, {"model": "admin.logentry", "pk": 3, "fields": {"action_time": "2021-12-10T20:56:28.449", "user": 1, "content_type": 3, "object_id": "1", "object_repr": "Course object (1)", "action_flag": 2, "change_message": "[{\"changed\": {\"fields\": [\"Descrpition\", \"Image\"]}}]"}}, {"model": "admin.logentry", "pk": 4, "fields": {"action_time": "2021-12-10T20:56:43.198", "user": 1, "content_type": 3, "object_id": "2", "object_repr": "Course object (2)", "action_flag": 2, "change_message": "[{\"changed\": {\"fields\": [\"Image\"]}}]"}}, {"model": "admin.logentry", "pk": 5, "fields": {"action_time": "2021-12-10T20:56:59.034", "user": 1, "content_type": 3, "object_id": "3", "object_repr": "Course object (3)", "action_flag": 2, "change_message": "[{\"changed\": {\"fields\": [\"Descrpition\", \"Image\"]}}]"}}, {"model": "admin.logentry", "pk": 6, "fields": {"action_time": "2021-12-10T20:57:07.545", "user": 1, "content_type": 3, "object_id": "4", "object_repr": "Course object (4)", "action_flag": 2, "change_message": "[{\"changed\": {\"fields\": [\"Image\"]}}]"}}, {"model": "admin.logentry", "pk": 7, "fields": {"action_time": "2021-12-10T20:57:15.810", "user": 1, "content_type": 3, "object_id": "6", "object_repr": "Course object (6)", "action_flag": 2, "change_message": "[{\"changed\": {\"fields\": [\"Image\"]}}]"}}, {"model": "admin.logentry", "pk": 8, "fields": {"action_time": "2021-12-10T20:57:28.210", "user": 1, "content_type": 3, "object_id": "5", "object_repr": "Course object (5)", "action_flag": 2, "change_message": "[{\"changed\": {\"fields\": [\"Image\"]}}]"}}, {"model": "admin.logentry", "pk": 9, "fields": {"action_time": "2021-12-10T20:57:42.944", "user": 1, "content_type": 3, "object_id": "8", "object_repr": "Course object (8)", "action_flag": 2, "change_message": "[{\"changed\": {\"fields\": [\"Descrpition\", \"Image\"]}}]"}}, {"model": "admin.logentry", "pk": 10, "fields": {"action_time": "2021-12-10T20:57:50.882", "user": 1, "content_type": 3, "object_id": "7", "object_repr": "Course object (7)", "action_flag": 2, "change_message": "[{\"changed\": {\"fields\": [\"Image\"]}}]"}}, {"model": "admin.logentry", "pk": 11, "fields": {"action_time": "2021-12-10T20:59:08.916", "user": 1, "content_type": 2, "object_id": "111", "object_repr": "Correct_Choices object (111)", "action_flag": 1, "change_message": "[{\"added\": {}}]"}}, {"model": "admin.logentry", "pk": 12, "fields": {"action_time": "2021-12-10T20:59:10.561", "user": 1, "content_type": 9, "object_id": "52", "object_repr": "Page_in_course object (52)", "action_flag": 1, "change_message": "[{\"added\": {}}]"}}, {"model": "admin.logentry", "pk": 13, "fields": {"action_time": "2021-12-10T20:59:16.315", "user": 1, "content_type": 3, "object_id": "9", "object_repr": "Course object (9)", "action_flag": 2, "change_message": "[{\"changed\": {\"fields\": [\"Pages\", \"Page order\"]}}]"}}, {"model": "admin.logentry", "pk": 14, "fields": {"action_time": "2021-12-10T20:59:26.841", "user": 1, "content_type": 3, "object_id": "10", "object_repr": "Course object (10)", "action_flag": 2, "change_message": "[{\"changed\": {\"fields\": [\"Descrpition\", \"Image\"]}}]"}}, {"model": "admin.logentry", "pk": 15, "fields": {"action_time": "2021-12-10T20:59:35.893", "user": 1, "content_type": 3, "object_id": "11", "object_repr": "Course object (11)", "action_flag": 2, "change_message": "[{\"changed\": {\"fields\": [\"Image\"]}}]"}}, {"model": "admin.logentry", "pk": 16, "fields": {"action_time": "2021-12-10T20:59:44.197", "user": 1, "content_type": 3, "object_id": "12", "object_repr": "Course object (12)", "action_flag": 2, "change_message": "[{\"changed\": {\"fields\": [\"Image\"]}}]"}}, {"model": "admin.logentry", "pk": 17, "fields": {"action_time": "2021-12-10T20:59:51.624", "user": 1, "content_type": 3, "object_id": "13", "object_repr": "Course object (13)", "action_flag": 2, "change_message": "[{\"changed\": {\"fields\": [\"Descrpition\", \"Image\"]}}]"}}, {"model": "admin.logentry", "pk": 18, "fields": {"action_time": "2021-12-10T21:00:02.872", "user": 1, "content_type": 3, "object_id": "14", "object_repr": "Course object (14)", "action_flag": 2, "change_message": "[{\"changed\": {\"fields\": [\"Image\"]}}]"}}, {"model": "admin.logentry", "pk": 19, "fields": {"action_time": "2021-12-10T21:00:20.358", "user": 1, "content_type": 3, "object_id": "15", "object_repr": "Course object (15)", "action_flag": 2, "change_message": "[{\"changed\": {\"fields\": [\"Image\"]}}]"}}, {"model": "admin.logentry", "pk": 20, "fields": {"action_time": "2021-12-10T21:00:49.405", "user": 1, "content_type": 3, "object_id": "9", "object_repr": "Course object (9)", "action_flag": 2, "change_message": "[{\"changed\": {\"fields\": [\"Image\"]}}]"}}, {"model": "admin.logentry", "pk": 21, "fields": {"action_time": "2021-12-26T16:03:04.307", "user": 1, "content_type": 9, "object_id": "52", "object_repr": "Page_in_course object (52)", "action_flag": 2, "change_message": "[{\"changed\": {\"fields\": [\"Title\"]}}]"}}, {"model": "admin.logentry", "pk": 22, "fields": {"action_time": "2021-12-26T16:03:46.016", "user": 1, "content_type": 9, "object_id": "52", "object_repr": "Page_in_course object (52)", "action_flag": 2, "change_message": "[{\"changed\": {\"fields\": [\"Description\"]}}]"}}, {"model": "admin.logentry", "pk": 23, "fields": {"action_time": "2021-12-27T11:21:58.895", "user": 1, "content_type": 9, "object_id": "53", "object_repr": "Page_in_course object (53)", "action_flag": 2, "change_message": "[{\"changed\": {\"fields\": [\"Solution\", \"Solution text\"]}}]"}}, {"model": "admin.logentry", "pk": 24, "fields": {"action_time": "2021-12-27T11:22:57.291", "user": 1, "content_type": 9, "object_id": "52", "object_repr": "Page_in_course object (52)", "action_flag": 2, "change_message": "[{\"changed\": {\"fields\": [\"Task\", \"Solution\", \"Solution text\"]}}]"}}, {"model": "admin.logentry", "pk": 25, "fields": {"action_time": "2021-12-27T11:23:22.032", "user": 1, "content_type": 9, "object_id": "53", "object_repr": "Page_in_course object (53)", "action_flag": 2, "change_message": "[{\"changed\": {\"fields\": [\"Solution text\"]}}]"}}, {"model": "admin.logentry", "pk": 26, "fields": {"action_time": "2022-02-22T20:00:18.912", "user": 1, "content_type": 7, "object_id": "2", "object_repr": "Report object (2)", "action_flag": 2, "change_message": "[{\"changed\": {\"fields\": [\"Reason\"]}}]"}}, {"model": "admin.logentry", "pk": 27, "fields": {"action_time": "2022-02-22T20:00:30.656", "user": 1, "content_type": 7, "object_id": "3", "object_repr": "Report object (3)", "action_flag": 2, "change_message": "[{\"changed\": {\"fields\": [\"Reason\"]}}]"}}, {"model": "admin.logentry", "pk": 28, "fields": {"action_time": "2022-02-22T20:00:36.760", "user": 1, "content_type": 7, "object_id": "4", "object_repr": "Report object (4)", "action_flag": 3, "change_message": ""}}, {"model": "admin.logentry", "pk": 29, "fields": {"action_time": "2022-02-23T13:40:33.596", "user": 1, "content_type": 8, "object_id": "29", "object_repr": "Recovery_Password object (29)", "action_flag": 2, "change_message": "[{\"changed\": {\"fields\": [\"Secret key 1\", \"Secret key 2\"]}}]"}}, {"model": "admin.logentry", "pk": 30, "fields": {"action_time": "2022-02-23T13:56:11.852", "user": 1, "content_type": 8, "object_id": "29", "object_repr": "Recovery_Password object (29)", "action_flag": 3, "change_message": ""}}, {"model": "admin.logentry", "pk": 31, "fields": {"action_time": "2022-02-23T13:56:15.636", "user": 1, "content_type": 8, "object_id": "28", "object_repr": "Recovery_Password object (28)", "action_flag": 3, "change_message": ""}}, {"model": "admin.logentry", "pk": 32, "fields": {"action_time": "2022-02-25T10:12:36.109", "user": 1, "content_type": 1, "object_id": "40", "object_repr": "ABC_choices object (40)", "action_flag": 1, "change_message": "[{\"added\": {}}]"}}, {"model": "admin.logentry", "pk": 33, "fields": {"action_time": "2022-02-25T10:12:40.838", "user": 1, "content_type": 9, "object_id": "1", "object_repr": "Page_in_course object (1)", "action_flag": 2, "change_message": "[{\"changed\": {\"fields\": [\"Abc values\"]}}]"}}, {"model": "admin.logentry", "pk": 34, "fields": {"action_time": "2022-02-25T13:12:35.208", "user": 1, "content_type": 1, "object_id": "2", "object_repr": "ABC_choices object (2)", "action_flag": 2, "change_message": "[{\"changed\": {\"fields\": [\"Text\"]}}]"}}, {"model": "admin.logentry", "pk": 35, "fields": {"action_time": "2022-03-06T18:44:54.976", "user": 1, "content_type": 8, "object_id": "36", "object_repr": "Recovery_Password object (36)", "action_flag": 3, "change_message": ""}}, {"model": "admin.logentry", "pk": 36, "fields": {"action_time": "2022-03-06T18:44:59.029", "user": 1, "content_type": 8, "object_id": "37", "object_repr": "Recovery_Password object (37)", "action_flag": 3, "change_message": ""}}, {"model": "auth.permission", "pk": 1, "fields": {"name": "Can add ab c_choices", "content_type": 1, "codename": "add_abc_choices"}}, {"model": "auth.permission", "pk": 2, "fields": {"name": "Can change ab c_choices", "content_type": 1, "codename": "change_abc_choices"}}, {"model": "auth.permission", "pk": 3, "fields": {"name": "Can delete ab c_choices", "content_type": 1, "codename": "delete_abc_choices"}}, {"model": "auth.permission", "pk": 4, "fields": {"name": "Can view ab c_choices", "content_type": 1, "codename": "view_abc_choices"}}, {"model": "auth.permission", "pk": 5, "fields": {"name": "Can add correct_ choices", "content_type": 2, "codename": "add_correct_choices"}}, {"model": "auth.permission", "pk": 6, "fields": {"name": "Can change correct_ choices", "content_type": 2, "codename": "change_correct_choices"}}, {"model": "auth.permission", "pk": 7, "fields": {"name": "Can delete correct_ choices", "content_type": 2, "codename": "delete_correct_choices"}}, {"model": "auth.permission", "pk": 8, "fields": {"name": "Can view correct_ choices", "content_type": 2, "codename": "view_correct_choices"}}, {"model": "auth.permission", "pk": 9, "fields": {"name": "Can add course", "content_type": 3, "codename": "add_course"}}, {"model": "auth.permission", "pk": 10, "fields": {"name": "Can change course", "content_type": 3, "codename": "change_course"}}, {"model": "auth.permission", "pk": 11, "fields": {"name": "Can delete course", "content_type": 3, "codename": "delete_course"}}, {"model": "auth.permission", "pk": 12, "fields": {"name": "Can view course", "content_type": 3, "codename": "view_course"}}, {"model": "auth.permission", "pk": 13, "fields": {"name": "Can add filled_ course", "content_type": 4, "codename": "add_filled_course"}}, {"model": "auth.permission", "pk": 14, "fields": {"name": "Can change filled_ course", "content_type": 4, "codename": "change_filled_course"}}, {"model": "auth.permission", "pk": 15, "fields": {"name": "Can delete filled_ course", "content_type": 4, "codename": "delete_filled_course"}}, {"model": "auth.permission", "pk": 16, "fields": {"name": "Can view filled_ course", "content_type": 4, "codename": "view_filled_course"}}, {"model": "auth.permission", "pk": 17, "fields": {"name": "Can add teacher", "content_type": 5, "codename": "add_teacher"}}, {"model": "auth.permission", "pk": 18, "fields": {"name": "Can change teacher", "content_type": 5, "codename": "change_teacher"}}, {"model": "auth.permission", "pk": 19, "fields": {"name": "Can delete teacher", "content_type": 5, "codename": "delete_teacher"}}, {"model": "auth.permission", "pk": 20, "fields": {"name": "Can view teacher", "content_type": 5, "codename": "view_teacher"}}, {"model": "auth.permission", "pk": 21, "fields": {"name": "Can add student", "content_type": 6, "codename": "add_student"}}, {"model": "auth.permission", "pk": 22, "fields": {"name": "Can change student", "content_type": 6, "codename": "change_student"}}, {"model": "auth.permission", "pk": 23, "fields": {"name": "Can delete student", "content_type": 6, "codename": "delete_student"}}, {"model": "auth.permission", "pk": 24, "fields": {"name": "Can view student", "content_type": 6, "codename": "view_student"}}, {"model": "auth.permission", "pk": 25, "fields": {"name": "Can add report", "content_type": 7, "codename": "add_report"}}, {"model": "auth.permission", "pk": 26, "fields": {"name": "Can change report", "content_type": 7, "codename": "change_report"}}, {"model": "auth.permission", "pk": 27, "fields": {"name": "Can delete report", "content_type": 7, "codename": "delete_report"}}, {"model": "auth.permission", "pk": 28, "fields": {"name": "Can view report", "content_type": 7, "codename": "view_report"}}, {"model": "auth.permission", "pk": 29, "fields": {"name": "Can add recovery_ password", "content_type": 8, "codename": "add_recovery_password"}}, {"model": "auth.permission", "pk": 30, "fields": {"name": "Can change recovery_ password", "content_type": 8, "codename": "change_recovery_password"}}, {"model": "auth.permission", "pk": 31, "fields": {"name": "Can delete recovery_ password", "content_type": 8, "codename": "delete_recovery_password"}}, {"model": "auth.permission", "pk": 32, "fields": {"name": "Can view recovery_ password", "content_type": 8, "codename": "view_recovery_password"}}, {"model": "auth.permission", "pk": 33, "fields": {"name": "Can add page_in_course", "content_type": 9, "codename": "add_page_in_course"}}, {"model": "auth.permission", "pk": 34, "fields": {"name": "Can change page_in_course", "content_type": 9, "codename": "change_page_in_course"}}, {"model": "auth.permission", "pk": 35, "fields": {"name": "Can delete page_in_course", "content_type": 9, "codename": "delete_page_in_course"}}, {"model": "auth.permission", "pk": 36, "fields": {"name": "Can view page_in_course", "content_type": 9, "codename": "view_page_in_course"}}, {"model": "auth.permission", "pk": 37, "fields": {"name": "Can add filled_ pages", "content_type": 10, "codename": "add_filled_pages"}}, {"model": "auth.permission", "pk": 38, "fields": {"name": "Can change filled_ pages", "content_type": 10, "codename": "change_filled_pages"}}, {"model": "auth.permission", "pk": 39, "fields": {"name": "Can delete filled_ pages", "content_type": 10, "codename": "delete_filled_pages"}}, {"model": "auth.permission", "pk": 40, "fields": {"name": "Can view filled_ pages", "content_type": 10, "codename": "view_filled_pages"}}, {"model": "auth.permission", "pk": 41, "fields": {"name": "Can add feedback", "content_type": 11, "codename": "add_feedback"}}, {"model": "auth.permission", "pk": 42, "fields": {"name": "Can change feedback", "content_type": 11, "codename": "change_feedback"}}, {"model": "auth.permission", "pk": 43, "fields": {"name": "Can delete feedback", "content_type": 11, "codename": "delete_feedback"}}, {"model": "auth.permission", "pk": 44, "fields": {"name": "Can view feedback", "content_type": 11, "codename": "view_feedback"}}, {"model": "auth.permission", "pk": 45, "fields": {"name": "Can add log entry", "content_type": 12, "codename": "add_logentry"}}, {"model": "auth.permission", "pk": 46, "fields": {"name": "Can change log entry", "content_type": 12, "codename": "change_logentry"}}, {"model": "auth.permission", "pk": 47, "fields": {"name": "Can delete log entry", "content_type": 12, "codename": "delete_logentry"}}, {"model": "auth.permission", "pk": 48, "fields": {"name": "Can view log entry", "content_type": 12, "codename": "view_logentry"}}, {"model": "auth.permission", "pk": 49, "fields": {"name": "Can add permission", "content_type": 13, "codename": "add_permission"}}, {"model": "auth.permission", "pk": 50, "fields": {"name": "Can change permission", "content_type": 13, "codename": "change_permission"}}, {"model": "auth.permission", "pk": 51, "fields": {"name": "Can delete permission", "content_type": 13, "codename": "delete_permission"}}, {"model": "auth.permission", "pk": 52, "fields": {"name": "Can view permission", "content_type": 13, "codename": "view_permission"}}, {"model": "auth.permission", "pk": 53, "fields": {"name": "Can add group", "content_type": 14, "codename": "add_group"}}, {"model": "auth.permission", "pk": 54, "fields": {"name": "Can change group", "content_type": 14, "codename": "change_group"}}, {"model": "auth.permission", "pk": 55, "fields": {"name": "Can delete group", "content_type": 14, "codename": "delete_group"}}, {"model": "auth.permission", "pk": 56, "fields": {"name": "Can view group", "content_type": 14, "codename": "view_group"}}, {"model": "auth.permission", "pk": 57, "fields": {"name": "Can add user", "content_type": 15, "codename": "add_user"}}, {"model": "auth.permission", "pk": 58, "fields": {"name": "Can change user", "content_type": 15, "codename": "change_user"}}, {"model": "auth.permission", "pk": 59, "fields": {"name": "Can delete user", "content_type": 15, "codename": "delete_user"}}, {"model": "auth.permission", "pk": 60, "fields": {"name": "Can view user", "content_type": 15, "codename": "view_user"}}, {"model": "auth.permission", "pk": 61, "fields": {"name": "Can add content type", "content_type": 16, "codename": "add_contenttype"}}, {"model": "auth.permission", "pk": 62, "fields": {"name": "Can change content type", "content_type": 16, "codename": "change_contenttype"}}, {"model": "auth.permission", "pk": 63, "fields": {"name": "Can delete content type", "content_type": 16, "codename": "delete_contenttype"}}, {"model": "auth.permission", "pk": 64, "fields": {"name": "Can view content type", "content_type": 16, "codename": "view_contenttype"}}, {"model": "auth.permission", "pk": 65, "fields": {"name": "Can add session", "content_type": 17, "codename": "add_session"}}, {"model": "auth.permission", "pk": 66, "fields": {"name": "Can change session", "content_type": 17, "codename": "change_session"}}, {"model": "auth.permission", "pk": 67, "fields": {"name": "Can delete session", "content_type": 17, "codename": "delete_session"}}, {"model": "auth.permission", "pk": 68, "fields": {"name": "Can view session", "content_type": 17, "codename": "view_session"}}, {"model": "auth.user", "pk": 1, "fields": {"password": "pbkdf2_sha256$260000$3JEfc5ClKuZW99Zs2Sqwei$QH4qiDxcETayNfLFBawQzO/URwcviEFjxzcAPdeSD6U=", "last_login": "2022-04-06T16:55:19.445", "is_superuser": true, "username": "jan", "first_name": "Jan", "last_name": "Přikryl", "email": "honza.prikryl.hp@gmail.com", "is_staff": true, "is_active": true, "date_joined": "2021-11-23T18:45:47", "groups": [], "user_permissions": []}}, {"model": "auth.user", "pk": 2, "fields": {"password": "pbkdf2_sha256$260000$LAE679PatOrbAwJml72sGI$b2nMMTg1qd7B5TabypJByAeoAdh+8GgZrG7gcnk891o=", "last_login": "2022-04-03T11:10:43.937", "is_superuser": false, "username": "prikryl.jan@protonmail.com", "first_name": "Jan", "last_name": "Přikryl", "email": "prikryl.jan@protonmail.com", "is_staff": false, "is_active": true, "date_joined": "2021-11-23T20:47:34.108", "groups": [], "user_permissions": []}}, {"model": "auth.user", "pk": 3, "fields": {"password": "pbkdf2_sha256$260000$tnaRfRxwhyQ21RRmBYi24P$GFCxafBAwGz/1uhF68EAxrfuuwNk1MqyEe/CQIyz+jk=", "last_login": "2021-11-29T18:43:14.739", "is_superuser": false, "username": "stejskal@spseol.cz", "first_name": "Radek", "last_name": "Stejskal", "email": "stejskal@spseol.cz", "is_staff": false, "is_active": true, "date_joined": "2021-11-29T18:42:25.430", "groups": [], "user_permissions": []}}, {"model": "auth.user", "pk": 4, "fields": {"password": "pbkdf2_sha256$260000$CQTl9jI03R7jtCHtilQTZo$fL+KCFPiQSGi8tS/nEWtBzAmDtU245hPpKc6C6XHtQg=", "last_login": "2022-02-14T13:41:04.726", "is_superuser": false, "username": "stejskar@centrum.cz", "first_name": "Martin", "last_name": "Pokusný", "email": "stejskar@centrum.cz", "is_staff": false, "is_active": true, "date_joined": "2021-11-29T18:57:02.042", "groups": [], "user_permissions": []}}, {"model": "auth.user", "pk": 5, "fields": {"password": "pbkdf2_sha256$260000$4mlAmAqXqt3I7pExKXnRMQ$riYXcWWMpkaTnBEURTw8qPatdk73HiF8OxG6C8NRQ2c=", "last_login": "2022-03-28T17:51:46.412", "is_superuser": false, "username": "jendaprpr@seznam.cz", "first_name": "Jan", "last_name": "Přikryl", "email": "jendaprpr@seznam.cz", "is_staff": false, "is_active": true, "date_joined": "2021-12-03T08:53:19.045", "groups": [], "user_permissions": []}}, {"model": "auth.user", "pk": 6, "fields": {"password": "pbkdf2_sha256$260000$4ocdq2eLdvJF6kaPVXYYAr$620E2GNSIAPD7bvsClxFR1xJN5uN3JK6ojBjMdlreM4=", "last_login": "2021-12-26T14:57:40.422", "is_superuser": false, "username": "bina.mac@seznam.cz", "first_name": "Blanka", "last_name": "Macalíková", "email": "bina.mac@seznam.cz", "is_staff": false, "is_active": true, "date_joined": "2021-12-04T14:17:43.234", "groups": [], "user_permissions": []}}, {"model": "auth.user", "pk": 7, "fields": {"password": "pbkdf2_sha256$260000$WT9Kh6Hrapt3GR3pHqfO2j$3azrPYJTsM8qdECpXaLU8VpkdOUcTPG5jCk40lsyNhI=", "last_login": "2021-12-21T14:59:20.128", "is_superuser": false, "username": "linkipark@email.cz", "first_name": "Jaroslav", "last_name": "Havel", "email": "linkipark@email.cz", "is_staff": false, "is_active": true, "date_joined": "2021-12-21T14:59:12.022", "groups": [], "user_permissions": []}}, {"model": "auth.user", "pk": 8, "fields": {"password": "pbkdf2_sha256$260000$IssKkbe0KMQf5BwfFgzu9z$StFZIF5tTWadMeAhm/colG7FglIhZIoXpftcv/uG+oA=", "last_login": "2021-12-24T09:42:43.303", "is_superuser": false, "username": "ondra.havlik@email.cz", "first_name": "Ondřej", "last_name": "Havlík", "email": "ondra.havlik@email.cz", "is_staff": false, "is_active": true, "date_joined": "2021-12-24T09:42:32.270", "groups": [], "user_permissions": []}}, {"model": "auth.user", "pk": 9, "fields": {"password": "pbkdf2_sha256$260000$XkS1pKAU762AZamiqv3zUz$xqq3mBXO3IknEqe6IxT/9ikKUrWww/njQTBzJesEMGI=", "last_login": "2022-01-27T10:11:28.629", "is_superuser": false, "username": "fanyvybiral@seznam.cz", "first_name": "fany", "last_name": "Vybíral", "email": "fanyvybiral@seznam.cz", "is_staff": false, "is_active": true, "date_joined": "2022-01-27T10:11:08.669", "groups": [], "user_permissions": []}}, {"model": "auth.user", "pk": 10, "fields": {"password": "pbkdf2_sha256$260000$ZOxuJo91DT0oeBi3cYEokM$5CpuhcRYu155J0K5ruEN71R2n6Aso4nUR8ZhLSS2kek=", "last_login": "2022-01-27T10:13:13.807", "is_superuser": false, "username": "s@s.cz", "first_name": "S", "last_name": "SddddddhjjjjjjjjjjkkkVkSddddddhjjjjjjjjjjkkkkkkkkHhgghggvvbbhhfddfhhjffdghjnffhhfhffffhbvfghgffghnffcgnbcvngffghccghggjgfghfggffggfghggghhfgghhgfghggh", "email": "s@s.cz", "is_staff": false, "is_active": true, "date_joined": "2022-01-27T10:12:52.752", "groups": [], "user_permissions": []}}, {"model": "auth.user", "pk": 12, "fields": {"password": "pbkdf2_sha256$260000$6sV6x4f5GTHctNiA3gGfzg$Ka4H4QvZpS08dozTYA+PsEZ7PQg07xLkxC6krrPDFCM=", "last_login": "2022-02-11T18:49:44.336", "is_superuser": false, "username": "pri38243@spseol.cz", "first_name": "Jan", "last_name": "Přikryl", "email": "pri38243@spseol.cz", "is_staff": false, "is_active": true, "date_joined": "2022-02-11T18:49:32.226", "groups": [], "user_permissions": []}}, {"model": "auth.user", "pk": 13, "fields": {"password": "pbkdf2_sha256$260000$eoACiFLkrAeilm5nhGUkc7$yR4cMh2/EjGgotuErxH0hmIsgoKjl1qow0Nsgii6Vjo=", "last_login": "2022-02-14T13:18:28.489", "is_superuser": false, "username": "gebova@spseol.cz", "first_name": "Radka", "last_name": "Gébová", "email": "gebova@spseol.cz", "is_staff": false, "is_active": true, "date_joined": "2022-02-14T13:05:54.886", "groups": [], "user_permissions": []}}, {"model": "auth.user", "pk": 16, "fields": {"password": "pbkdf2_sha256$260000$cJaS3J6etTZOqs8kgW9POH$AhXx6iChNvunrtD5PuQ+pSmCkHbnovaO8mb9paAfy0Y=", "last_login": "2022-03-04T13:24:27.745", "is_superuser": false, "username": "slehoferdominik@gmail.com", "first_name": "Dominik", "last_name": "Šlehofer", "email": "slehoferdominik@gmail.com", "is_staff": false, "is_active": true, "date_joined": "2022-03-04T13:24:15.168", "groups": [], "user_permissions": []}}, {"model": "auth.user", "pk": 17, "fields": {"password": "pbkdf2_sha256$260000$wMneXnAS5WnSDari8mU9SZ$qNc7zHY+mewtrzAQNwxPhX2D3OUbzuhJrc+rcEaGUrE=", "last_login": "2022-03-04T13:49:49.117", "is_superuser": false, "username": "dominikslehofer000@seznam.cz", "first_name": "Dominik", "last_name": "Šlehofer", "email": "dominikslehofer000@seznam.cz", "is_staff": false, "is_active": true, "date_joined": "2022-03-04T13:49:39.441", "groups": [], "user_permissions": []}}, {"model": "auth.user", "pk": 18, "fields": {"password": "pbkdf2_sha256$260000$iQTfd2zUpnmrTn6hD4oCSL$K8fMoQtKqNYBEqPwjNJEbcowEqzg8MKSKwvPVx3+3Fg=", "last_login": "2022-03-09T11:16:32.817", "is_superuser": false, "username": "gameboys820@gmail.com", "first_name": "Jakub", "last_name": "Zahálka", "email": "gameboys820@gmail.com", "is_staff": false, "is_active": true, "date_joined": "2022-03-09T11:16:22.298", "groups": [], "user_permissions": []}}, {"model": "auth.user", "pk": 19, "fields": {"password": "pbkdf2_sha256$260000$Mn46zCMukRYf33xsBCOwy4$N4MqeFdww5s9vEX3yMarmsakddKDVs8jtaUJjajezmE=", "last_login": "2022-03-09T11:28:41.433", "is_superuser": false, "username": "zah38245@spseol.cz", "first_name": "Jakub ", "last_name": "Zahálka", "email": "zah38245@spseol.cz", "is_staff": false, "is_active": true, "date_joined": "2022-03-09T11:28:29.759", "groups": [], "user_permissions": []}}, {"model": "auth.user", "pk": 20, "fields": {"password": "pbkdf2_sha256$260000$OVazJuvvIHAhtLm7tdTU6o$AF9qtx/vG3mL5l0x8jzI0NrKgu7V5U0ahstbdu8JYIo=", "last_login": "2022-03-10T19:46:02.730", "is_superuser": false, "username": "hznju@centrum.cz", "first_name": "Jan", "last_name": "Látal", "email": "hznju@centrum.cz", "is_staff": false, "is_active": true, "date_joined": "2022-03-10T19:35:25.701", "groups": [], "user_permissions": []}}, {"model": "auth.user", "pk": 21, "fields": {"password": "pbkdf2_sha256$260000$MNAEofAGD7PVGrLf8r4AZk$uTygGIWOweZEs4FGxmDcyypKc3PcSyVj1FjXKqcM1Mg=", "last_login": "2022-03-13T22:08:27.291", "is_superuser": false, "username": "kalabvojta@seznam.cz", "first_name": "Vojta", "last_name": "Kaláb", "email": "kalabvojta@seznam.cz", "is_staff": false, "is_active": true, "date_joined": "2022-03-13T22:07:57.569", "groups": [], "user_permissions": []}}, {"model": "auth.user", "pk": 22, "fields": {"password": "pbkdf2_sha256$260000$vyvWMhR0Y7rPjDks9VIsOh$o8EirAHGbPIXqvAMB482hI6cA5L0oPwGP/1uHSKQ/YU=", "last_login": "2022-03-31T11:09:03.293", "is_superuser": false, "username": "hugo.707@seznam.cz", "first_name": "RUKOLA", "last_name": "Robola", "email": "hugo.707@seznam.cz", "is_staff": false, "is_active": true, "date_joined": "2022-03-31T11:08:53.808", "groups": [], "user_permissions": []}}, {"model": "contenttypes.contenttype", "pk": 1, "fields": {"app_label": "main", "model": "abc_choices"}}, {"model": "contenttypes.contenttype", "pk": 2, "fields": {"app_label": "main", "model": "correct_choices"}}, {"model": "contenttypes.contenttype", "pk": 3, "fields": {"app_label": "main", "model": "course"}}, {"model": "contenttypes.contenttype", "pk": 4, "fields": {"app_label": "main", "model": "filled_course"}}, {"model": "contenttypes.contenttype", "pk": 5, "fields": {"app_label": "main", "model": "teacher"}}, {"model": "contenttypes.contenttype", "pk": 6, "fields": {"app_label": "main", "model": "student"}}, {"model": "contenttypes.contenttype", "pk": 7, "fields": {"app_label": "main", "model": "report"}}, {"model": "contenttypes.contenttype", "pk": 8, "fields": {"app_label": "main", "model": "recovery_password"}}, {"model": "contenttypes.contenttype", "pk": 9, "fields": {"app_label": "main", "model": "page_in_course"}}, {"model": "contenttypes.contenttype", "pk": 10, "fields": {"app_label": "main", "model": "filled_pages"}}, {"model": "contenttypes.contenttype", "pk": 11, "fields": {"app_label": "main", "model": "feedback"}}, {"model": "contenttypes.contenttype", "pk": 12, "fields": {"app_label": "admin", "model": "logentry"}}, {"model": "contenttypes.contenttype", "pk": 13, "fields": {"app_label": "auth", "model": "permission"}}, {"model": "contenttypes.contenttype", "pk": 14, "fields": {"app_label": "auth", "model": "group"}}, {"model": "contenttypes.contenttype", "pk": 15, "fields": {"app_label": "auth", "model": "user"}}, {"model": "contenttypes.contenttype", "pk": 16, "fields": {"app_label": "contenttypes", "model": "contenttype"}}, {"model": "contenttypes.contenttype", "pk": 17, "fields": {"app_label": "sessions", "model": "session"}}, {"model": "sessions.session", "pk": "0ctilvxvpl9tprymoaumghnluozwwjjc", "fields": {"session_data": ".eJxVjMsOwiAQRf-FtSE8ZoC6dO83EAYGqZo2Ke3K-O_apAvd3nPOfYmYtrXFrfMSxyLOAsTpd6OUHzztoNzTdJtlnqd1GUnuijxol9e58PNyuH8HLfX2rUkPHpiCJ6PJFws5e2WzqjRAgZqAg7LGQkDgjM6xM4yhAqJCMBrF-wPfATcY:1nJafA:DK7IVIVz3cIELyBmgGngFc64yGc3KxgvOu2Zc_GfShU", "expire_date": "2022-02-28T13:41:04.745"}}, {"model": "sessions.session", "pk": "1er9qiw3ecrywtd05spk5quwwv06zleo", "fields": {"session_data": ".eJxVjDkOwjAUBe_iGllx4pWSnjNY_otxANlSnFSIu0OkFNC-mXkvEdO2lrh1XuJM4iy8OP1ukPDBdQd0T_XWJLa6LjPIXZEH7fLaiJ-Xw_07KKmXbw1EOZPX2rImtC57tiGPRMGR4ck7dGCzh6SC0sNkApuBcFKjRg42gXh_ABhIOLs:1n0g9z:Al41YukzO89WGttQ0wJ7KKpv4xhYW7go8wZQdzHc058", "expire_date": "2022-01-07T09:42:43.310"}}, {"model": "sessions.session", "pk": "1pivn0pozi805p5g53sjs5w2xhmea0hm", "fields": {"session_data": ".eJxVjDsOwjAQBe_iGlmb9TeU9JzBsndtHECOFCcV4u4QKQW0b2beS4S4rTVsPS9hYnEWTpx-txTpkdsO-B7bbZY0t3WZktwVedAurzPn5-Vw_w5q7PVbE3lNDq2xCjQrh6DTQLEkBF_Q-RG1AqOyARgVFseRC9iB0JnMZLJ4fwDBTzc5:1mzffk:q1UbzHqhfl2TBjB4V8fECB-G_4prhh7Aj_NaYqk-1nk", "expire_date": "2022-01-04T14:59:20.147"}}, {"model": "sessions.session", "pk": "1shtnetqt3u0fm8yzzfjia796sxzj7l6", "fields": {"session_data": ".eJxVjDkOwjAURO_iGlnGeAmU9JzB-ptxANlSnFSIu5NIKaAbzXszb5VgmUtaukxpZHVRVh1-OwR6St0AP6Dem6ZW52lEvSl6p13fGsvrurt_BwV6Wdcho_eAKCxydIBndmjiADFEQorWnUQiEFowvMZgfKAMPAixUMigPl8rYDo4:1nJbMR:8eRXDX4lCh9tEngIa06gIq8DBxdLm9t8DkSpGEE7Iss", "expire_date": "2022-02-28T14:25:47.303"}}, {"model": "sessions.session", "pk": "2i4ojuctltmpf33m0xzgs22ifbz0oq7g", "fields": {"session_data": ".eJxVjDkOwjAURO_iGlnGeAmU9JzB-ptxANlSnFSIu5NIKaAbzXszb5VgmUtaukxpZHVRVh1-OwR6St0AP6Dem6ZW52lEvSl6p13fGsvrurt_BwV6Wdcho_eAKCxydIBndmjiADFEQorWnUQiEFowvMZgfKAMPAixUMigPl8rYDo4:1mv2hI:S6Yfmttzl7FyeT8IxEXunyxqKVWy1v56WkrCJkY0S28", "expire_date": "2021-12-22T20:33:48.293"}}, {"model": "sessions.session", "pk": "2p8ur86po29rvupnvl17wq1cyowxhf5k", "fields": {"session_data": ".eJxVjEEOwiAQRe_C2pACBQaX7j0DGYZBqoYmpV0Z765NutDtf-_9l4i4rTVunZc4ZXEWSpx-t4T04LaDfMd2myXNbV2mJHdFHrTL65z5eTncv4OKvX7rMIZM4DlrR9ZoGoweC7A1qThITqMeFCOQQTKlkAePlKFY60PwKnnx_gDoBzgc:1mxWJN:BknvFFUB8pTS1gc0tyQ4OEkkI_svfvm3yMECKKtA9Xw", "expire_date": "2021-12-29T16:35:21.471"}}, {"model": "sessions.session", "pk": "37h96zs5cxw8m7bjttt6e89vzhxt1n4q", "fields": {"session_data": ".eJxVjDkOwjAURO_iGlnGeAmU9JzB-ptxANlSnFSIu5NIKaAbzXszb5VgmUtaukxpZHVRVh1-OwR6St0AP6Dem6ZW52lEvSl6p13fGsvrurt_BwV6Wdcho_eAKCxydIBndmjiADFEQorWnUQiEFowvMZgfKAMPAixUMigPl8rYDo4:1nYR3r:DGtBmlQ1nKCQWNeS4wwGPVe2YzGq1U5t712jj9anxdk", "expire_date": "2022-04-10T13:27:55.039"}}, {"model": "sessions.session", "pk": "3j7a1qubk697nac8ft7yyr9guc81u0iw", "fields": {"session_data": ".eJxVjEEOwiAQRe_C2hBAyoBL956BDDMgVUOT0q6MdzckXej2v_f-W0Tctxr3ntc4s7gIrcXpd0xIz9wG4Qe2-yJpads6JzkUedAubwvn1_Vw_w4q9jpqdFlRALJs4BxKUZa088khF0uZTSi5-GBgSg6QvIcJrUVW4BMlZvH5AirPOTw:1nEchT:jjtEaGTZ5mRPrO0e_dVYw9jSEleBl2eILWbQlaMlKMA", "expire_date": "2022-02-14T20:50:55.696"}}, {"model": "sessions.session", "pk": "3k1051uyevom8tezqgwl05kg4fuwnkmh", "fields": {"session_data": ".eJxVjDEOwjAMRe-SGUVx3ELNyM4ZKsd2aAGlUtNOiLtDpQ6w_vfef7me12Xo12pzP6o7u9YdfrfE8rCyAb1zuU1eprLMY_Kb4nda_XVSe1529-9g4Dp8a6KWCVHAVA06EM4kMZAkyIgGmahLFFiAFMJR4ylLE7FjpMbaQO79AfMVN-A:1nYrek:J_PxlrhCp9YN2ZoCpZp1GeK_RCEaiu8a5z2-oXEt4_w", "expire_date": "2022-04-11T17:51:46.419"}}, {"model": "sessions.session", "pk": "3rpxn2yyoya4i8fw70k1bmy522d8x8zm", "fields": {"session_data": ".eJxVjDkOwjAURO_iGlnGeAmU9JzB-ptxANlSnFSIu5NIKaAbzXszb5VgmUtaukxpZHVRVh1-OwR6St0AP6Dem6ZW52lEvSl6p13fGsvrurt_BwV6Wdcho_eAKCxydIBndmjiADFEQorWnUQiEFowvMZgfKAMPAixUMigPl8rYDo4:1nNWer:-pjC7Wd9X3GqI_0uu8DelBub6--1hAbxd1wfEqMYHFw", "expire_date": "2022-03-11T10:13:01.057"}}, {"model": "sessions.session", "pk": "3wbdsdzby2qno8d3q8kq1ngzo17vckrh", "fields": {"session_data": ".eJxVjDkOwjAURO_iGlnGeAmU9JzB-ptxANlSnFSIu5NIKaAbzXszb5VgmUtaukxpZHVRVh1-OwR6St0AP6Dem6ZW52lEvSl6p13fGsvrurt_BwV6Wdcho_eAKCxydIBndmjiADFEQorWnUQiEFowvMZgfKAMPAixUMigPl8rYDo4:1mwKFv:VK-aEUCG0CwTt51mgOCOrqolXHKhlyf4FZN1RzwhKS0", "expire_date": "2021-12-26T09:30:51.599"}}, {"model": "sessions.session", "pk": "3z4a4c404vqcya4ilkggcydkfqf0tcid", "fields": {"session_data": ".eJxVjEEOwiAQRe_C2pACBQaX7j0DGYZBqoYmpV0Z765NutDtf-_9l4i4rTVunZc4ZXEWSpx-t4T04LaDfMd2myXNbV2mJHdFHrTL65z5eTncv4OKvX7rMIZM4DlrR9ZoGoweC7A1qThITqMeFCOQQTKlkAePlKFY60PwKnnx_gDoBzgc:1mwoxV:-Jc6ivo0wKMh1H5dpk_QWmQromjpFhcSPKORe4yLBto", "expire_date": "2021-12-27T18:17:53.797"}}, {"model": "sessions.session", "pk": "4n8w6wlb2pv32lszde6i3p0z7x2key16", "fields": {"session_data": ".eJxVjDkOwjAURO_iGlnGeAmU9JzB-ptxANlSnFSIu5NIKaAbzXszb5VgmUtaukxpZHVRVh1-OwR6St0AP6Dem6ZW52lEvSl6p13fGsvrurt_BwV6Wdcho_eAKCxydIBndmjiADFEQorWnUQiEFowvMZgfKAMPAixUMigPl8rYDo4:1n9kB5:jG0q6st_VpT2uozo_ycwu-kterX9RAEfDcFkoeFK_3g", "expire_date": "2022-02-01T09:49:19.587"}}, {"model": "sessions.session", "pk": "4nzebp29w9140zz3kvhnty68afmpdwdw", "fields": {"session_data": ".eJxVjDsOwjAQBe_iGlnY2fhDSZ8zWOvdDQ4gW8qnQtwdIqWA9s3Me6mE21rStsicJlYX5dTpd8tID6k74DvWW9PU6jpPWe-KPuiih8byvB7u30HBpXxrMuTEsSfmHsXn_gzRIGAA38UQ0AIL4RgILQc3RovQObGZIhkG6NX7AwgvOJ8:1n1U1s:CrEtxM3wDYr1brxfdS2OCb6uZArIZxjxb2xlBD9Icfg", "expire_date": "2022-01-09T14:57:40.429"}}, {"model": "sessions.session", "pk": "4p4eceagsxr8vbflcj5pimjrxcq549z4", "fields": {"session_data": ".eJxVjEEOwiAQRe_C2pACBQaX7j0DGYZBqoYmpV0Z765NutDtf-_9l4i4rTVunZc4ZXEWSpx-t4T04LaDfMd2myXNbV2mJHdFHrTL65z5eTncv4OKvX7rMIZM4DlrR9ZoGoweC7A1qThITqMeFCOQQTKlkAePlKFY60PwKnnx_gDoBzgc:1mvn0v:Y7xp9JMlTzFTMSxkmCiMJzADQ88gDjc6WagXmN3IY0Y", "expire_date": "2021-12-24T22:01:09.914"}}, {"model": "sessions.session", "pk": "67gqq5wltccrqz38pqslz9b6c70ov59h", "fields": {"session_data": ".eJxVjEEOwiAQRe_C2pACBQaX7j0DGYZBqoYmpV0Z765NutDtf-_9l4i4rTVunZc4ZXEWSpx-t4T04LaDfMd2myXNbV2mJHdFHrTL65z5eTncv4OKvX7rMIZM4DlrR9ZoGoweC7A1qThITqMeFCOQQTKlkAePlKFY60PwKnnx_gDoBzgc:1nMqvu:ZPWdePJRjSAPvwOPEqpMTuYp0-e5HWqVFPGP5KEuo08", "expire_date": "2022-03-09T13:39:50.389"}}, {"model": "sessions.session", "pk": "6pnbva02old1jyu8yqslg0f56vm6asaj", "fields": {"session_data": ".eJxVjMEOwiAQBf-FsyHAgoBH734DWWCRqoGktCfjv9smPej1zcx7s4DrUsM6aA5TZhemBDv9jhHTk9pO8gPbvfPU2zJPke8KP-jgt57pdT3cv4OKo241oLeIUoCV0UAmHaGkiEoqA94SGWes16JoUGTOVlipiysONw0SycQ-X_f4N84:1nSNnW:nKuGL0Rpo_XW1Qvrgd65NodPBQo35bAO_RVyRTXYEXo", "expire_date": "2022-03-24T19:46:02.750"}}, {"model": "sessions.session", "pk": "8qr7h67yz05p326unbdphpq8lnb3prd0", "fields": {"session_data": ".eJxVjEEOwiAQRe_C2pACBQaX7j0DGYZBqoYmpV0Z765NutDtf-_9l4i4rTVunZc4ZXEWSpx-t4T04LaDfMd2myXNbV2mJHdFHrTL65z5eTncv4OKvX7rMIZM4DlrR9ZoGoweC7A1qThITqMeFCOQQTKlkAePlKFY60PwKnnx_gDoBzgc:1n7Opf:qQ0qvfaIY-HzPKYM7KzpArtgEmuJ6LefVioCmc_8mLc", "expire_date": "2022-01-25T22:37:31.696"}}, {"model": "sessions.session", "pk": "8tvegrnrgxrl3kaxcnd88xwuqecr64tp", "fields": {"session_data": ".eJxVjDEOwjAMRe-SGUVx3ELNyM4ZKsd2aAGlUtNOiLtDpQ6w_vfef7me12Xo12pzP6o7u9YdfrfE8rCyAb1zuU1eprLMY_Kb4nda_XVSe1529-9g4Dp8a6KWCVHAVA06EM4kMZAkyIgGmahLFFiAFMJR4ylLE7FjpMbaQO79AfMVN-A:1n31fT:yF_UUwkKpZsTWP4Ov-3l-5S8Q4OZRgBb_uPU6Sb-zTY", "expire_date": "2022-01-13T21:04:55.445"}}, {"model": "sessions.session", "pk": "93qzqdc17q32xrnc8tpvay0o7jjcuj4q", "fields": {"session_data": ".eJxVjEEOwiAQRe_C2pACBQaX7j0DGYZBqoYmpV0Z765NutDtf-_9l4i4rTVunZc4ZXEWSpx-t4T04LaDfMd2myXNbV2mJHdFHrTL65z5eTncv4OKvX7rMIZM4DlrR9ZoGoweC7A1qThITqMeFCOQQTKlkAePlKFY60PwKnnx_gDoBzgc:1mpc4i:K2Ha8svJ2qv90_XykBlQSZicJRyAIM42cJmv5EJm0Wc", "expire_date": "2021-12-07T21:07:32.896"}}, {"model": "sessions.session", "pk": "9xttp3gd35iv59sr871781cenr1zu4vj", "fields": {"session_data": ".eJxVjEsOwjAMBe-SNYriOokJS_Y9Q-XaCS2gVOpnhbg7VOoCtm9m3st0vK1Dty157kY1FwPJnH7HnuWR6070zvU2WZnqOo-93RV70MW2k-bn9XD_DgZehm-NyQOl4rKwLxKhIQkk6jCRc4rYZKSYMCKTI0CIZ_EBSkmMoYGg5v0B4-Q2uw:1nRtYf:fzvWpgubAR1ApXTrWFN9rhvmMacPvFlCr7TLEIkQhts", "expire_date": "2022-03-23T11:28:41.442"}}, {"model": "sessions.session", "pk": "cnre1zc9rnhgy7xkbq0iriqss8yd3dkh", "fields": {"session_data": ".eJxVjDkOwjAURO_iGlnGeAmU9JzB-ptxANlSnFSIu5NIKaAbzXszb5VgmUtaukxpZHVRVh1-OwR6St0AP6Dem6ZW52lEvSl6p13fGsvrurt_BwV6Wdcho_eAKCxydIBndmjiADFEQorWnUQiEFowvMZgfKAMPAixUMigPl8rYDo4:1nOKKx:yP9LLlMeJUi7LSzcG-Mjeu3L7v5TixdY8wObXF55puE", "expire_date": "2022-03-13T15:15:47.770"}}, {"model": "sessions.session", "pk": "d5btadnl269hmhpo5aeox3e84qmok5ez", "fields": {"session_data": ".eJxVjDkOwjAURO_iGlnGeAmU9JzB-ptxANlSnFSIu5NIKaAbzXszb5VgmUtaukxpZHVRVh1-OwR6St0AP6Dem6ZW52lEvSl6p13fGsvrurt_BwV6Wdcho_eAKCxydIBndmjiADFEQorWnUQiEFowvMZgfKAMPAixUMigPl8rYDo4:1msRMI:6FIHTGdb1GTyQwBGXaq6dx5S2HyLvQDf5dYP5yqv80w", "expire_date": "2021-12-15T16:17:22.888"}}, {"model": "sessions.session", "pk": "fjczlz2cvz0gia5ynyn1c3mh56dk1m4l", "fields": {"session_data": ".eJxVjDsOwjAQBe_iGlnY2fhDSZ8zWOvdDQ4gW8qnQtwdIqWA9s3Me6mE21rStsicJlYX5dTpd8tID6k74DvWW9PU6jpPWe-KPuiih8byvB7u30HBpXxrMuTEsSfmHsXn_gzRIGAA38UQ0AIL4RgILQc3RovQObGZIhkG6NX7AwgvOJ8:1mtUvX:TIErJONnOi4Hpf2hpOwWGlMS3CkruYw3wSHp1UnLgHo", "expire_date": "2021-12-18T14:18:07.368"}}, {"model": "sessions.session", "pk": "fkbukl8dhzmda90ovld4ym32usv7unyc", "fields": {"session_data": ".eJxVjDsOwjAQBe_iGll28G8p6XMGa9e7xgGUSPlUiLtDpBTQvpl5L5VxW1veFpnzwOqirFen35GwPGTcCd9xvE26TOM6D6R3RR900f3E8rwe7t9Bw6V9ayIrwkDQsYtSUdI5BvA1JnaVxbiOwIBAQbTOdEKh-OQteTYuFCjq_QE0uTjY:1nJaKO:GJuWOL0ksxr_cE0J7m1fyMtwJheKVUaIwSQ2AqeAPAU", "expire_date": "2022-02-28T13:19:36.098"}}, {"model": "sessions.session", "pk": "g9vfkkhiai661915tj5c97rnd12kbyco", "fields": {"session_data": ".eJxVjDkOwjAURO_iGlnGeAmU9JzB-ptxANlSnFSIu5NIKaAbzXszb5VgmUtaukxpZHVRVh1-OwR6St0AP6Dem6ZW52lEvSl6p13fGsvrurt_BwV6Wdcho_eAKCxydIBndmjiADFEQorWnUQiEFowvMZgfKAMPAixUMigPl8rYDo4:1nRZbI:CdYTL4q03h7IUdhLo74HlpYzrWxIhGCOQOW2syBWWRo", "expire_date": "2022-03-22T14:10:04.153"}}, {"model": "sessions.session", "pk": "gfoxh60mv7cj3bo539bji31cwy6prp8z", "fields": {"session_data": ".eJxVjEEOwiAQRe_C2pACBQaX7j0DGYZBqoYmpV0Z765NutDtf-_9l4i4rTVunZc4ZXEWSpx-t4T04LaDfMd2myXNbV2mJHdFHrTL65z5eTncv4OKvX7rMIZM4DlrR9ZoGoweC7A1qThITqMeFCOQQTKlkAePlKFY60PwKnnx_gDoBzgc:1nUUaY:tAGRrlA8-iMlbcu3ssPdLaINYj0CMl0GsSAJ_aGCslU", "expire_date": "2022-03-30T15:25:22.628"}}, {"model": "sessions.session", "pk": "gmjq03karf5vlhpmx9wpb2w8i05uxv5u", "fields": {"session_data": ".eJxVjDEOwjAMRe-SGUVx3ELNyM4ZKsd2aAGlUtNOiLtDpQ6w_vfef7me12Xo12pzP6o7u9YdfrfE8rCyAb1zuU1eprLMY_Kb4nda_XVSe1529-9g4Dp8a6KWCVHAVA06EM4kMZAkyIgGmahLFFiAFMJR4ylLE7FjpMbaQO79AfMVN-A:1mwKGV:lenq9lws0J0oeAS0d_Ao3I0wuGQb13HUlqlAgUSn6Nw", "expire_date": "2021-12-26T09:31:27.356"}}, {"model": "sessions.session", "pk": "go9brjl64a00ia9n0lb26rr9m1cmd5dv", "fields": {"session_data": ".eJxVjDkOwjAURO_iGlnGeAmU9JzB-ptxANlSnFSIu5NIKaAbzXszb5VgmUtaukxpZHVRVh1-OwR6St0AP6Dem6ZW52lEvSl6p13fGsvrurt_BwV6Wdcho_eAKCxydIBndmjiADFEQorWnUQiEFowvMZgfKAMPAixUMigPl8rYDo4:1nIGjS:eLmyUcJVgvslauPsf_NMuZta9ccDQ6FxAUQ5pqHbkoU", "expire_date": "2022-02-24T22:12:02.629"}}, {"model": "sessions.session", "pk": "gvldpuhgy5q6ze0kocq578b275iq2qfb", "fields": {"session_data": ".eJxVjDkOwjAURO_iGlnGeAmU9JzB-ptxANlSnFSIu5NIKaAbzXszb5VgmUtaukxpZHVRVh1-OwR6St0AP6Dem6ZW52lEvSl6p13fGsvrurt_BwV6Wdcho_eAKCxydIBndmjiADFEQorWnUQiEFowvMZgfKAMPAixUMigPl8rYDo4:1mqHGX:0F8Y676oT_2lHyC6c-y70_83RZ2zCZgljp8Oh4uj0YY", "expire_date": "2021-12-09T17:06:29.866"}}, {"model": "sessions.session", "pk": "h6t9afs1zld61tndyxrpm9j153seofxc", "fields": {"session_data": ".eJxVjDsOwjAQBe_iGlm2N2tvKOk5g7X-4QBypDipEHeHSCmgfTPzXsLztla_9bz4KYmz0E6cfsfA8ZHbTtKd222WcW7rMgW5K_KgXV7nlJ-Xw_07qNzrtx5UAWexOMrakoGSNMDgOOaCmhMRaECgqIzNLrAlbRBHpBRVCHY04v0B59I3JQ:1nQ7NV:QugC6-Tp9NPmKux3PPiR_X0f6r8U_OP4s2CYobK0Im4", "expire_date": "2022-03-18T13:49:49.126"}}, {"model": "sessions.session", "pk": "h9o3sl7lex8ood00wvlhdgjmkn8zy2bo", "fields": {"session_data": ".eJxVjMsOwiAQRf-FtSE86gAu3fcbmpkBpGogKe3K-O_apAvd3nPOfYkJt7VMW0_LNEdxEVqJ0-9IyI9UdxLvWG9NcqvrMpPcFXnQLscW0_N6uH8HBXv51kOIXmcAshyMdqAIPWRjrdPEhl2OAKAG0uAJgUCd0XBKTJGYUmDx_gD58Ti6:1nD0q9:AIyvZVpDSG6vT1IQG4vKwiK5ba45Ps7IR0XmfWtryYk", "expire_date": "2022-02-10T10:13:13.813"}}, {"model": "sessions.session", "pk": "hslshui5c5v2ahyqojk6mjasat7xqcxn", "fields": {"session_data": ".eJxVjEEOwiAQRe_C2pACBQaX7j0DGYZBqoYmpV0Z765NutDtf-_9l4i4rTVunZc4ZXEWSpx-t4T04LaDfMd2myXNbV2mJHdFHrTL65z5eTncv4OKvX7rMIZM4DlrR9ZoGoweC7A1qThITqMeFCOQQTKlkAePlKFY60PwKnnx_gDoBzgc:1nawLY:mEPOv8MCH1QconteZ5CD5WicxN-uB02XdtJNi-F7Z1w", "expire_date": "2022-04-17T11:16:32.001"}}, {"model": "sessions.session", "pk": "inipll16f1dyakrka1ljz42pt6krg36i", "fields": {"session_data": ".eJxVjDsOwjAQRO_iGln-fyjpcwbLu97gAHKkOKkQdyeRUkA5897Mm6W8rTVtnZY0FXZlSrLLbwkZn9QOUh653WeOc1uXCfih8JN2PsyFXrfT_Tuoudd9bZA8iuyC1GS80NbEURMCEFiLEUGijA6DA9qjUllh0QAijMbEEjz7fAEZLjiY:1nTVRz:1PCDRyYtWe-BcrUfrxnqPkFPsUWzcS2cSG_2UADYIzU", "expire_date": "2022-03-27T22:08:27.324"}}, {"model": "sessions.session", "pk": "ipxved7z6cu5vte71x20qqtumpitg8w2", "fields": {"session_data": ".eJxVjDkOwjAURO_iGlnGeAmU9JzB-ptxANlSnFSIu5NIKaAbzXszb5VgmUtaukxpZHVRVh1-OwR6St0AP6Dem6ZW52lEvSl6p13fGsvrurt_BwV6Wdcho_eAKCxydIBndmjiADFEQorWnUQiEFowvMZgfKAMPAixUMigPl8rYDo4:1mvLAu:IMmHkIQ6mn8Qu0oEneqiZtjGljt2YgFXd25h7DTtfdo", "expire_date": "2021-12-23T16:17:36.245"}}, {"model": "sessions.session", "pk": "j49emvmkkq4y3klmhf5byvt93l9g5riu", "fields": {"session_data": ".eJxVjEEOwiAQRe_C2pACBQaX7j0DGYZBqoYmpV0Z765NutDtf-_9l4i4rTVunZc4ZXEWSpx-t4T04LaDfMd2myXNbV2mJHdFHrTL65z5eTncv4OKvX7rMIZM4DlrR9ZoGoweC7A1qThITqMeFCOQQTKlkAePlKFY60PwKnnx_gDoBzgc:1n7P6s:9Gi6ljA7LRzemBijo1xBtBUgZpyB2S90Gx5vADWJwyg", "expire_date": "2022-01-25T22:55:18.980"}}, {"model": "sessions.session", "pk": "kpvp6lwp71t9bf5mdppghwvkhfreiix3", "fields": {"session_data": ".eJxVjDkOwjAURO_iGlnGeAmU9JzB-ptxANlSnFSIu5NIKaAbzXszb5VgmUtaukxpZHVRVh1-OwR6St0AP6Dem6ZW52lEvSl6p13fGsvrurt_BwV6Wdcho_eAKCxydIBndmjiADFEQorWnUQiEFowvMZgfKAMPAixUMigPl8rYDo4:1nDAzV:XFfh-5_DzmjR3egx0fBo0KmTcdhTv8Lu_kBNALZDwHc", "expire_date": "2022-02-10T21:03:33.023"}}, {"model": "sessions.session", "pk": "ky7kmphyt7fkts2hhbc7ssk5wjptwxkp", "fields": {"session_data": ".eJxVjEEOwiAQRe_C2pACBQaX7j0DGYZBqoYmpV0Z765NutDtf-_9l4i4rTVunZc4ZXEWSpx-t4T04LaDfMd2myXNbV2mJHdFHrTL65z5eTncv4OKvX7rMIZM4DlrR9ZoGoweC7A1qThITqMeFCOQQTKlkAePlKFY60PwKnnx_gDoBzgc:1nJZgc:PBO4h2ppjTKBM5BpDBK6bLJ7XDRR-bLmHyqRjL1hWFc", "expire_date": "2022-02-28T12:38:30.088"}}, {"model": "sessions.session", "pk": "kzu3tmkttl3h64hwmnrner8yaceq51kh", "fields": {"session_data": ".eJxVjEEOwiAQRe_C2hBmSot16b5nIMMwSNVAUtqV8e7apAvd_vfefylP25r91mTxc1QXBahOv2MgfkjZSbxTuVXNtazLHPSu6IM2PdUoz-vh_h1kavlbEwyEFoJNoeuQpHPAZ4fIDE4YekETDA8x4WjHZHorhGyNSwaCiezU-wMDUTgI:1nIa3E:0N07mAIa_-j1qDykG5TnV3GuCFstUjbGNaZ132Dyvm0", "expire_date": "2022-02-25T18:49:44.343"}}, {"model": "sessions.session", "pk": "l7z2nndazfgra3rxrv9pmgi9hgj0bsi7", "fields": {"session_data": ".eJxVjDkOwjAURO_iGlnGeAmU9JzB-ptxANlSnFSIu5NIKaAbzXszb5VgmUtaukxpZHVRVh1-OwR6St0AP6Dem6ZW52lEvSl6p13fGsvrurt_BwV6Wdcho_eAKCxydIBndmjiADFEQorWnUQiEFowvMZgfKAMPAixUMigPl8rYDo4:1mxqJj:8Tk90p1pu6lJlgsM2FtisaJcP-tLqpUlShYGD8Dz3TM", "expire_date": "2021-12-30T13:57:03.665"}}, {"model": "sessions.session", "pk": "ldhvcua1axwlyyskyht68wg7j4qjxyqx", "fields": {"session_data": ".eJxVjEEOwiAQRe_C2pACBQaX7j0DGYZBqoYmpV0Z765NutDtf-_9l4i4rTVunZc4ZXEWSpx-t4T04LaDfMd2myXNbV2mJHdFHrTL65z5eTncv4OKvX7rMIZM4DlrR9ZoGoweC7A1qThITqMeFCOQQTKlkAePlKFY60PwKnnx_gDoBzgc:1nDV8Y:KFBZDclIYtXtrLpq-lvRB7hzYeui9spd-6PZUUskcmc", "expire_date": "2022-02-11T18:34:14.046"}}, {"model": "sessions.session", "pk": "lfw5eg9wpv0kk66gt4tlkfwnkrkhply3", "fields": {"session_data": ".eJxVjEEOwiAQRe_C2pACBQaX7j0DGYZBqoYmpV0Z765NutDtf-_9l4i4rTVunZc4ZXEWSpx-t4T04LaDfMd2myXNbV2mJHdFHrTL65z5eTncv4OKvX7rMIZM4DlrR9ZoGoweC7A1qThITqMeFCOQQTKlkAePlKFY60PwKnnx_gDoBzgc:1nJh76:WJQtvQhqvbezovn-SC3HCtdxOTc_Bt1OlDyuVkgOJR4", "expire_date": "2022-02-28T20:34:20.108"}}, {"model": "sessions.session", "pk": "lnl4h972d8l1qewksxj16vd0eb3vbbej", "fields": {"session_data": ".eJxVjEEOwiAQRe_C2pACBQaX7j0DGYZBqoYmpV0Z765NutDtf-_9l4i4rTVunZc4ZXEWSpx-t4T04LaDfMd2myXNbV2mJHdFHrTL65z5eTncv4OKvX7rMIZM4DlrR9ZoGoweC7A1qThITqMeFCOQQTKlkAePlKFY60PwKnnx_gDoBzgc:1mpaCu:nURgG0w2Ds4QNpiq0O49EVdm2-qDcMIkwSERg0UbBQ8", "expire_date": "2021-12-07T19:07:52.547"}}, {"model": "sessions.session", "pk": "lqirjcy81v6ajmaa0q82izy8e4cehzsu", "fields": {"session_data": ".eJxVjDkOwjAURO_iGlnGeAmU9JzB-ptxANlSnFSIu5NIKaAbzXszb5VgmUtaukxpZHVRVh1-OwR6St0AP6Dem6ZW52lEvSl6p13fGsvrurt_BwV6Wdcho_eAKCxydIBndmjiADFEQorWnUQiEFowvMZgfKAMPAixUMigPl8rYDo4:1n4Mlk:SRJ8gQQG3MdilEG_Uy9xJAKlpJxKFAUKthvb2THBZ3A", "expire_date": "2022-01-17T13:48:56.933"}}, {"model": "sessions.session", "pk": "mb9gu5wvt12afxx9h38y25pfmbmnzi5u", "fields": {"session_data": ".eJxVjDkOwjAURO_iGlnGeAmU9JzB-ptxANlSnFSIu5NIKaAbzXszb5VgmUtaukxpZHVRVh1-OwR6St0AP6Dem6ZW52lEvSl6p13fGsvrurt_BwV6Wdcho_eAKCxydIBndmjiADFEQorWnUQiEFowvMZgfKAMPAixUMigPl8rYDo4:1msTVJ:d6VQ7CdvFvAkqS4EDSOK5H0yjg--EX8oeSMZ1iG_nfA", "expire_date": "2021-12-15T18:34:49.261"}}, {"model": "sessions.session", "pk": "ned3vauzmio1db8qhqn8x7e7gq7n68tp", "fields": {"session_data": ".eJxVjDkOwjAURO_iGlnGeAmU9JzB-ptxANlSnFSIu5NIKaAbzXszb5VgmUtaukxpZHVRVh1-OwR6St0AP6Dem6ZW52lEvSl6p13fGsvrurt_BwV6Wdcho_eAKCxydIBndmjiADFEQorWnUQiEFowvMZgfKAMPAixUMigPl8rYDo4:1n9q5H:vRTsTeqOeD53ktydoPipUbPRKVQElqDVX2I9zWr6pIk", "expire_date": "2022-02-01T16:07:43.167"}}, {"model": "sessions.session", "pk": "o3qibge3qr21hd6bpanhota7dw7b4sai", "fields": {"session_data": ".eJxVjDkOwjAURO_iGlnGeAmU9JzB-ptxANlSnFSIu5NIKaAbzXszb5VgmUtaukxpZHVRVh1-OwR6St0AP6Dem6ZW52lEvSl6p13fGsvrurt_BwV6Wdcho_eAKCxydIBndmjiADFEQorWnUQiEFowvMZgfKAMPAixUMigPl8rYDo4:1nQppn:zNdqHPAng86_mB4Qo7CW2q2TaLQBZQmkJ6VZ8n2nRnk", "expire_date": "2022-03-20T13:17:59.571"}}, {"model": "sessions.session", "pk": "ocdnm8yw5ao50pwt97dulgxnoi9tcyyi", "fields": {"session_data": ".eJxVjEEOwiAQRe_C2pACBQaX7j0DGYZBqoYmpV0Z765NutDtf-_9l4i4rTVunZc4ZXEWSpx-t4T04LaDfMd2myXNbV2mJHdFHrTL65z5eTncv4OKvX7rMIZM4DlrR9ZoGoweC7A1qThITqMeFCOQQTKlkAePlKFY60PwKnnx_gDoBzgc:1n2E53:qq7j9EhDkuSv6hiZxQzIy3aezOf_OhiUZo3wOp6pZpg", "expire_date": "2022-01-11T16:08:01.460"}}, {"model": "sessions.session", "pk": "p4ccmve0s11wfy116kml8rqf8dbs1imy", "fields": {"session_data": ".eJxVjMsOwiAQRf-FtSE8ZoC6dO83EAYGqZo2Ke3K-O_apAvd3nPOfYmYtrXFrfMSxyLOAsTpd6OUHzztoNzTdJtlnqd1GUnuijxol9e58PNyuH8HLfX2rUkPHpiCJ6PJFws5e2WzqjRAgZqAg7LGQkDgjM6xM4yhAqJCMBrF-wPfATcY:1mrku6:QVuffNPVKv1gKe_mRhTptCaLkcYuWfXkUlzi8aw3yt8", "expire_date": "2021-12-13T18:57:26.936"}}, {"model": "sessions.session", "pk": "p5zby6xprxhpqkkcq69qwx4m33bnv6dm", "fields": {"session_data": ".eJxVjDkOwjAURO_iGlnGeAmU9JzB-ptxANlSnFSIu5NIKaAbzXszb5VgmUtaukxpZHVRVh1-OwR6St0AP6Dem6ZW52lEvSl6p13fGsvrurt_BwV6Wdcho_eAKCxydIBndmjiADFEQorWnUQiEFowvMZgfKAMPAixUMigPl8rYDo4:1nFGYG:Cu5CcPcHj6WfDLWdrfK-4KebBWTD1KCQEESruARKWvI", "expire_date": "2022-02-16T15:24:04.473"}}, {"model": "sessions.session", "pk": "psr8ajw5ikhm8pyaq6fzyd3hdd77cndk", "fields": {"session_data": ".eJxVjEEOwiAQRe_C2pACBQaX7j0DGYZBqoYmpV0Z765NutDtf-_9l4i4rTVunZc4ZXEWSpx-t4T04LaDfMd2myXNbV2mJHdFHrTL65z5eTncv4OKvX7rMIZM4DlrR9ZoGoweC7A1qThITqMeFCOQQTKlkAePlKFY60PwKnnx_gDoBzgc:1mqaQG:vGHkuYharkN3dc2n6aGh8xnKCw-nbQ-jhAmMH2rUjOc", "expire_date": "2021-12-10T13:33:48.503"}}, {"model": "sessions.session", "pk": "qcb7rnumwrcvlziucbngof56mhliubxs", "fields": {"session_data": ".eJxVjDEOwjAMRe-SGUVx3ELNyM4ZKsd2aAGlUtNOiLtDpQ6w_vfef7me12Xo12pzP6o7u9YdfrfE8rCyAb1zuU1eprLMY_Kb4nda_XVSe1529-9g4Dp8a6KWCVHAVA06EM4kMZAkyIgGmahLFFiAFMJR4ylLE7FjpMbaQO79AfMVN-A:1mvLmG:5aZlOt5hl5D0AlGeYeNESZENj3Fsk9a91uBjUDw_7YA", "expire_date": "2021-12-23T16:56:12.009"}}, {"model": "sessions.session", "pk": "qfhe23qqa1stxqz8v863ckxnq7e1hiol", "fields": {"session_data": ".eJxVjEEOwiAQRe_C2pACBQaX7j0DGYZBqoYmpV0Z765NutDtf-_9l4i4rTVunZc4ZXEWSpx-t4T04LaDfMd2myXNbV2mJHdFHrTL65z5eTncv4OKvX7rMIZM4DlrR9ZoGoweC7A1qThITqMeFCOQQTKlkAePlKFY60PwKnnx_gDoBzgc:1nc743:e7PtqQvuVh2GbvljPtVPNr8nzVmOv-_Il4kTSE0PWI4", "expire_date": "2022-04-20T16:55:19.461"}}, {"model": "sessions.session", "pk": "r3nlraht6y9zuhusaf0cuasjg3wgpfv4", "fields": {"session_data": ".eJxVjEEOwiAQRe_C2pACBQaX7j0DGYZBqoYmpV0Z765NutDtf-_9l4i4rTVunZc4ZXEWSpx-t4T04LaDfMd2myXNbV2mJHdFHrTL65z5eTncv4OKvX7rMIZM4DlrR9ZoGoweC7A1qThITqMeFCOQQTKlkAePlKFY60PwKnnx_gDoBzgc:1nTiob:OZ0a8i978yrcAGM3mkuPE02Cauu_38Sm4Qh0pSkUE6o", "expire_date": "2022-03-28T12:24:41.165"}}, {"model": "sessions.session", "pk": "ruw4vlv4ez0iimgxf4h19it8nu1u3atb", "fields": {"session_data": ".eJxVjEEOwiAQRe_C2pACBQaX7j0DGYZBqoYmpV0Z765NutDtf-_9l4i4rTVunZc4ZXEWSpx-t4T04LaDfMd2myXNbV2mJHdFHrTL65z5eTncv4OKvX7rMIZM4DlrR9ZoGoweC7A1qThITqMeFCOQQTKlkAePlKFY60PwKnnx_gDoBzgc:1nEp87:Snl471x6GEjPylyFmEQFyEk0AOePz72B5hdEiKVwWE8", "expire_date": "2022-02-15T10:07:15.571"}}, {"model": "sessions.session", "pk": "spyfg84ua1udif5oxnhrrhp0ms1gyueb", "fields": {"session_data": ".eJxVjEEOwiAQRe_C2pACBQaX7j0DGYZBqoYmpV0Z765NutDtf-_9l4i4rTVunZc4ZXEWSpx-t4T04LaDfMd2myXNbV2mJHdFHrTL65z5eTncv4OKvX7rMIZM4DlrR9ZoGoweC7A1qThITqMeFCOQQTKlkAePlKFY60PwKnnx_gDoBzgc:1nWOcj:wjRtHB_5Ofu-ge_jKMOxWUjt0yc4NS6LxSeK6nMde-8", "expire_date": "2022-04-04T21:27:29.238"}}, {"model": "sessions.session", "pk": "t6i8y8x57oj54i7znrpacy7wd4vvsv6s", "fields": {"session_data": ".eJxVjDkOwjAURO_iGlnGeAmU9JzB-ptxANlSnFSIu5NIKaAbzXszb5VgmUtaukxpZHVRVh1-OwR6St0AP6Dem6ZW52lEvSl6p13fGsvrurt_BwV6Wdcho_eAKCxydIBndmjiADFEQorWnUQiEFowvMZgfKAMPAixUMigPl8rYDo4:1nMRRb:j9uaHAid3Je8jgRTVQyOFlu8ey4ttQJjPM-JO_LPvXI", "expire_date": "2022-03-08T10:26:51.096"}}, {"model": "sessions.session", "pk": "vic7i2655kyiiuclqyok0xe245iir6ue", "fields": {"session_data": ".eJxVjDkOwjAURO_iGlnGeAmU9JzB-ptxANlSnFSIu5NIKaAbzXszb5VgmUtaukxpZHVRVh1-OwR6St0AP6Dem6ZW52lEvSl6p13fGsvrurt_BwV6Wdcho_eAKCxydIBndmjiADFEQorWnUQiEFowvMZgfKAMPAixUMigPl8rYDo4:1mw4XK:bwdZEGu0IRCNS8mXVzQ6ycf-wmGz15QYSsoe7cJTtyg", "expire_date": "2021-12-25T16:43:46.626"}}, {"model": "sessions.session", "pk": "vlpfutxqsxvtzn997tgxuoqzh1znmfvj", "fields": {"session_data": ".eJxVjDsOwjAQBe_iGlnxN15K-pzBWnsXHEC2FCcV4u4QKQW0b2beS0Tc1hK3zkucSZwFiNPvljA_uO6A7lhvTeZW12VOclfkQbucGvHzcrh_BwV7-dbJY_AGFFqdwZGxJhEEN2SrjQkjmwHRISkiDRBY2RSsG6_esbeBPYj3B88NNzI:1nD0oS:3CX4Iw-vOR_CmDT7q1i2zOwaCm_jebZCtNNgESOw93w", "expire_date": "2022-02-10T10:11:28.635"}}, {"model": "sessions.session", "pk": "vsap90g1vfa3f94cm0gy33lfo9xbstye", "fields": {"session_data": ".eJxVjEEOwiAQRe_C2pACBQaX7j0DGYZBqoYmpV0Z765NutDtf-_9l4i4rTVunZc4ZXEWSpx-t4T04LaDfMd2myXNbV2mJHdFHrTL65z5eTncv4OKvX7rMIZM4DlrR9ZoGoweC7A1qThITqMeFCOQQTKlkAePlKFY60PwKnnx_gDoBzgc:1nX2UM:qEhX-bG-CuFaVLdlyLkoug7-6RaVCShxeGDllIzttIA", "expire_date": "2022-04-06T16:01:30.335"}}, {"model": "sessions.session", "pk": "w0y7qyzw62mzi07g5daqkgdkryvt9lbb", "fields": {"session_data": ".eJxVjDkOwjAURO_iGlnGeAmU9JzB-ptxANlSnFSIu5NIKaAbzXszb5VgmUtaukxpZHVRVh1-OwR6St0AP6Dem6ZW52lEvSl6p13fGsvrurt_BwV6Wdcho_eAKCxydIBndmjiADFEQorWnUQiEFowvMZgfKAMPAixUMigPl8rYDo4:1nT6yf:JGzPOgjMAFgl24pKhw82blazJXmDoFRlslO6bm9uGPU", "expire_date": "2022-03-26T20:00:33.912"}}, {"model": "sessions.session", "pk": "w2zitbsapv94s2hdive1yg6tr6vf6sg1", "fields": {"session_data": ".eJxVjEEOwiAQRe_C2pACBQaX7j0DGYZBqoYmpV0Z765NutDtf-_9l4i4rTVunZc4ZXEWSpx-t4T04LaDfMd2myXNbV2mJHdFHrTL65z5eTncv4OKvX7rMIZM4DlrR9ZoGoweC7A1qThITqMeFCOQQTKlkAePlKFY60PwKnnx_gDoBzgc:1nQnxz:38OF8CLgUrY2FvEpbSlH8fXGFDdw9fKhVAXhcmRi6i4", "expire_date": "2022-03-20T11:18:19.536"}}, {"model": "sessions.session", "pk": "wbmiibd80cm6r41yig5yhpahumajayc1", "fields": {"session_data": ".eJxVjDkOwjAURO_iGlnGeAmU9JzB-ptxANlSnFSIu5NIKaAbzXszb5VgmUtaukxpZHVRVh1-OwR6St0AP6Dem6ZW52lEvSl6p13fGsvrurt_BwV6Wdcho_eAKCxydIBndmjiADFEQorWnUQiEFowvMZgfKAMPAixUMigPl8rYDo4:1nMRLj:w-Vg2NqTE6WxHqDDb2OmDoha428ShfCzdTs5ZCGEqEM", "expire_date": "2022-03-08T10:20:47.544"}}, {"model": "sessions.session", "pk": "xiyj7ktrw2iszlw07g96qi138crio35p", "fields": {"session_data": ".eJxVjEEOwiAQRe_C2pACBQaX7j0DGYZBqoYmpV0Z765NutDtf-_9l4i4rTVunZc4ZXEWSpx-t4T04LaDfMd2myXNbV2mJHdFHrTL65z5eTncv4OKvX7rMIZM4DlrR9ZoGoweC7A1qThITqMeFCOQQTKlkAePlKFY60PwKnnx_gDoBzgc:1mxyvG:KN-Ul--JOXK0IKPUyr4MIF-whyIwD16XORMi3Podn6s", "expire_date": "2021-12-30T23:08:22.317"}}, {"model": "sessions.session", "pk": "xko2sbf4kdvqp4qg9yi7gjbayij3bdwc", "fields": {"session_data": ".eJxVjDkOwjAURO_iGlnGeAmU9JzB-ptxANlSnFSIu5NIKaAbzXszb5VgmUtaukxpZHVRVh1-OwR6St0AP6Dem6ZW52lEvSl6p13fGsvrurt_BwV6Wdcho_eAKCxydIBndmjiADFEQorWnUQiEFowvMZgfKAMPAixUMigPl8rYDo4:1nOKIa:52wLUUznQy7Mz72RX2C_LnIKxDc7mSdz8bCa2VuCFO0", "expire_date": "2022-03-13T15:13:20.324"}}, {"model": "sessions.session", "pk": "xsxzjpx9z4dtvr30ldvd5okyxamqcnh8", "fields": {"session_data": ".eJxVjEEOwiAQRe_C2pACBQaX7j0DGYZBqoYmpV0Z765NutDtf-_9l4i4rTVunZc4ZXEWSpx-t4T04LaDfMd2myXNbV2mJHdFHrTL65z5eTncv4OKvX7rMIZM4DlrR9ZoGoweC7A1qThITqMeFCOQQTKlkAePlKFY60PwKnnx_gDoBzgc:1nKMvG:p9_QWgAKqt7b-LfaZ1jsqsmJW9NjCen-51thF34n8rA", "expire_date": "2022-03-02T17:12:54.730"}}, {"model": "sessions.session", "pk": "yo694dtzax2lzd6kh2r4bryyxi0qwzir", "fields": {"session_data": ".eJxVjDsOwjAQBe_iGlnY2fhDSZ8zWOvdDQ4gW8qnQtwdIqWA9s3Me6mE21rStsicJlYX5dTpd8tID6k74DvWW9PU6jpPWe-KPuiih8byvB7u30HBpXxrMuTEsSfmHsXn_gzRIGAA38UQ0AIL4RgILQc3RovQObGZIhkG6NX7AwgvOJ8:1mtZOl:WE-TAIaUTxbl5Wz0JMMmNuSgo4x2EWAaYfWZEx7XvLY", "expire_date": "2021-12-18T19:04:35.858"}}, {"model": "sessions.session", "pk": "yznrcx6jfce89pjgq7jbvwid1ykbagw3", "fields": {"session_data": ".eJxVjEEOwiAQRe_C2hCKlGFcuvcMZBhAqgaS0q6Md7dNutDtf-_9t_C0LsWvPc1-iuIitBan3zEQP1PdSXxQvTfJrS7zFOSuyIN2eWsxva6H-3dQqJetNjGAYj3qjMDACkEz2AEROTs7EoQ0JGcUq2DIWZNyxJDVZproVD6LzxcBUTga:1nZqnf:UGTCsRE16I5XoYqT_fWdALiKp9VMbkJQGw1o3G1nl3I", "expire_date": "2022-04-14T11:09:03.314"}}]